"Path"	"Length"	"SHA256"
"PointCloudVR/.gitignore"	"72"	"FFAE581D86B66A1374F61635950695D891391F581ED4B5127F39D9EFA7F3FFA6"
"PointCloudVR/AGENTS.md"	"2905"	"125BD76168C5033007776806DA58463DA94FB8A3F4CAA4B2CDDE09AE859F3319"
"PointCloudVR/Assets/_Recovery.meta"	"172"	"481151A937235CE8D6B48D6AB7160BFD089FF7E19E884F979B643B190823C5FD"
"PointCloudVR/Assets/_Recovery/0 (1).unity"	"141091"	"0C01552DBB4C65900F8BDDEC2432542C71BA944910044C3DFD4FB624805C4BA3"
"PointCloudVR/Assets/_Recovery/0 (1).unity.meta"	"155"	"DEE648625640EFF2749C80CA1F6DC07FDF728DD8348F47ADBAA41352D0457B72"
"PointCloudVR/Assets/_Recovery/0 (2).unity"	"141091"	"0C01552DBB4C65900F8BDDEC2432542C71BA944910044C3DFD4FB624805C4BA3"
"PointCloudVR/Assets/_Recovery/0 (2).unity.meta"	"155"	"F9CC04ED4847D66A6D84429B97B0DF7FC1545E3E3D200B13B99E609E5231BC02"
"PointCloudVR/Assets/_Recovery/0 (3).unity"	"141091"	"0C01552DBB4C65900F8BDDEC2432542C71BA944910044C3DFD4FB624805C4BA3"
"PointCloudVR/Assets/_Recovery/0 (3).unity.meta"	"155"	"0CF83F9CBBC02B0C3E6A0FD02D13403C3D7B7C754A7448D3D53C95CC00CE0F80"
"PointCloudVR/Assets/_Recovery/0.unity"	"141091"	"0C01552DBB4C65900F8BDDEC2432542C71BA944910044C3DFD4FB624805C4BA3"
"PointCloudVR/Assets/_Recovery/0.unity.meta"	"155"	"BFF0404500894BF815D7F1D8B3BE0727805324127E7C0FA0569EEAF567522818"
"PointCloudVR/Assets/Editor.meta"	"172"	"66FF5C47D83E26EF177161EAD2466A51C5734E9C96FD03E9FF4F768A711BD1A7"
"PointCloudVR/Assets/Editor/CreateVRTestScene.cs"	"4006"	"079D67F2D54153ED5277865A3C78BE78DD0D4CCF1B7481519B36744F80979FEC"
"PointCloudVR/Assets/Editor/CreateVRTestScene.cs.meta"	"59"	"AD2D7F71C408B676D11CED19CE6EC160CFE1DAAF34C0E37CD98B7C1E3B16E17E"
"PointCloudVR/Assets/Editor/SceneDumper.cs"	"3100"	"F88B9541EED0532BEBF56A027FE832FD9EA23A1CCC451728FAEC8670D2EBF3B5"
"PointCloudVR/Assets/Editor/SceneDumper.cs.meta"	"59"	"8C583FBCE71B3F2C83E792954C4619C0189FF570989856434FD3B9258D5BAC18"
"PointCloudVR/Assets/Editor/SceneSetupHelper.cs"	"3191"	"E5F993908E0B8203C317A7219023B33F8C993BFE0D9C9FB3A31F6DB35E71AE74"
"PointCloudVR/Assets/Editor/SceneSetupHelper.cs.meta"	"59"	"CBD839F913B1F009D20E41B5ACD72F67D37C3C8428719A889DB622804EB24AF3"
"PointCloudVR/Assets/Editor/VRProjectSetup.cs"	"8585"	"A9B017A498DE8D2AAEED8C55770325383671EFD94438C7F07D7B59014C92872C"
"PointCloudVR/Assets/Editor/VRProjectSetup.cs.meta"	"59"	"BE0B68EC78FA736323EAA97CE7006FCCA0DB79EA669E10AC8DD3ACE32C759A6D"
"PointCloudVR/Assets/PointCloudController.cs"	"9976"	"06C0615A3859791B350BB63D6757859F45D05836D166EE1636A21ADF821F84EF"
"PointCloudVR/Assets/PointCloudController.cs.meta"	"59"	"98B65E1FA604A93B71A6BC98C6E6D333CD6DDF985B435430C2F422D32C45AA2C"
"PointCloudVR/Assets/PointCloudLoader.cs"	"22883"	"3A2300A7CC3FC90ACF52FDA263EA3FF5DCFB21453C9F266B27657F383A1F2310"
"PointCloudVR/Assets/PointCloudLoader.cs.meta"	"59"	"48119EEE4B5875875007FC029C6AF90F4E4B6F334784BFF65DD091E68F16A564"
"PointCloudVR/Assets/PointCloudManager.cs"	"33630"	"B447F7B2CCA7CDAEA42086233372374123F59EC374FCF9C9C961A3CC0AA6FB69"
"PointCloudVR/Assets/PointCloudManager.cs.meta"	"59"	"68B798718B11F6F8653C5ABEE2BEEF910649A1E9CC591C7CD5BADF3C4805DA08"
"PointCloudVR/Assets/PointCloudRenderer.cs"	"34335"	"895AA355A0F1EC325885DC58A299C76A7CD646F24A445B63A849224D6A408F8C"
"PointCloudVR/Assets/PointCloudRenderer.cs.meta"	"59"	"890C1FC3599279810207514E634455F3011339CD8C1A5EE72ACC3B56AAF52EAF"
"PointCloudVR/Assets/PointCloudWorkbench.meta"	"172"	"0FA5D8E9D7DF22C5145AFDD7CB8B2FDBC6D36B8D71B5019551406F496356BF95"
"PointCloudVR/Assets/PointCloudWorkbench/Scripts.meta"	"172"	"BD896CDF6290DA5A2D5F66D77004E5C1C5C09EF3EE24AC2F43946CD458B32B47"
"PointCloudVR/Assets/PointCloudWorkbench/Scripts/AnnotationPipelineEditorUI.cs"	"28210"	"58D6DCCF07E4E69317D72358A56019DA256EFB95EB4BFB4CA9C9CF89F013F706"
"PointCloudVR/Assets/PointCloudWorkbench/Scripts/AnnotationPipelineEditorUI.cs.meta"	"60"	"8448A1E610B0DB9766BB0900A32C793118324810116D659C3368BA246BF3E26D"
"PointCloudVR/Assets/PointCloudWorkbench/Scripts/AnnotationPresetManager.cs"	"5552"	"DC9C95139784FDA2D3FA1497F266BA42F5561EC8A9258A3FC6B4CD95A0499198"
"PointCloudVR/Assets/PointCloudWorkbench/Scripts/AnnotationPresetManager.cs.meta"	"60"	"B2EC45F8AB2842C0EE1037DE969D38A49483FB875D0449357BA1372EACF0721C"
"PointCloudVR/Assets/PointCloudWorkbench/Scripts/AtomicResourceFactory.cs"	"795"	"AC4A10E1BFBA600FEE65A61E1736967AA09FF1A54C7011563414EDBC54003A92"
"PointCloudVR/Assets/PointCloudWorkbench/Scripts/AtomicResourceFactory.cs.meta"	"60"	"DCCC91BC53F582F0A07F3843A4B23ED6F6E4E6C1F45B48E1797DD8548F9C302E"
"PointCloudVR/Assets/PointCloudWorkbench/Scripts/BoundedHistory.cs"	"2478"	"DF66181DC52C6C4250B1E334BDF7D79F0AFA8EA5BECFA55994351EDC53073F69"
"PointCloudVR/Assets/PointCloudWorkbench/Scripts/BoundedHistory.cs.meta"	"60"	"13A19699479B57850C21C4B5372CAB5197C1146ACB2B3D3A45F085E3C272573A"
"PointCloudVR/Assets/PointCloudWorkbench/Scripts/BoundedTextBuffer.cs"	"2905"	"848833A3BA0E4455F41682D7F285BE3BA6069F8684A59046FEE03CEACE698341"
"PointCloudVR/Assets/PointCloudWorkbench/Scripts/BoundedTextBuffer.cs.meta"	"240"	"CB4C7B6F19A426FA1626435DC6F8B249112619E9FEE59DD48B3BDC3F7DDED0EB"
"PointCloudVR/Assets/PointCloudWorkbench/Scripts/CameraRotationGuide.cs"	"4270"	"FE33BEA8B8C3DD81E4F5530225DEAF1CDFABB22DE70741C35D5976E64A56F2C7"
"PointCloudVR/Assets/PointCloudWorkbench/Scripts/CameraRotationGuide.cs.meta"	"59"	"810C8FAD991605E42C10A2DA56E46EEFD0A22F1C0BB16DECD6836AFF3787B409"
"PointCloudVR/Assets/PointCloudWorkbench/Scripts/CloudCompareCameraController.cs"	"13399"	"2323626DBCF29A1B525604F78BE6C0E23F9A148842B8AEC7C808CF95F12F677D"
"PointCloudVR/Assets/PointCloudWorkbench/Scripts/CloudCompareCameraController.cs.meta"	"59"	"608C19F9BFB33D9DE5C529DC3C141D40A1EA3DEDC1CCAD44D6E5E9FEBAF4E226"
"PointCloudVR/Assets/PointCloudWorkbench/Scripts/DistanceMeasurementUI.cs"	"17875"	"D1CC14110FC26EB293976C090898DFC6B99DF8C0ABCED2837DB30567F02012A9"
"PointCloudVR/Assets/PointCloudWorkbench/Scripts/DistanceMeasurementUI.cs.meta"	"59"	"0937F8B5E2FF47D70EAC3C668CAA61258310B0957E0DFBF8FDDA6BE9A92C50E6"
"PointCloudVR/Assets/PointCloudWorkbench/Scripts/ExactNearestNeighbor3D.cs"	"8452"	"B51A6F59B17CA39C646EA0E36FFD78FAED90179DCD81E67D60EAAE3D0B790929"
"PointCloudVR/Assets/PointCloudWorkbench/Scripts/ExactNearestNeighbor3D.cs.meta"	"60"	"3D69713DF9327085EA3D44E57ED84F795FE895C9E228B4AAFFD4EB2012C74D24"
"PointCloudVR/Assets/PointCloudWorkbench/Scripts/FilterPipelineEditorUI.cs"	"34728"	"19AF69D653AA7AA341D7B98992345947811DBCCED4AEC825B7F11DC1B04C9DB2"
"PointCloudVR/Assets/PointCloudWorkbench/Scripts/FilterPipelineEditorUI.cs.meta"	"59"	"F459314049DBB443BC82F2E62FDE0B620BA675C88B65EDB21923CD170C6B17C1"
"PointCloudVR/Assets/PointCloudWorkbench/Scripts/MeasurementDocument.cs"	"11546"	"BEAECF0A4C8A55C4BEDE9FB47E6A94D4071A4C3CFA45F1E177E32F99161CE05F"
"PointCloudVR/Assets/PointCloudWorkbench/Scripts/MeasurementDocument.cs.meta"	"240"	"089AE278B98F8D73BFC3A5E0DE00624D9A2BEE767188CE50A5BFD99CB5222C02"
"PointCloudVR/Assets/PointCloudWorkbench/Scripts/MeasurementPath.cs"	"4288"	"434DD1C59CEA1706DEBEBFB7F03B5B152018A97EFBE249F12FFB2C0B0B15D2B8"
"PointCloudVR/Assets/PointCloudWorkbench/Scripts/MeasurementPath.cs.meta"	"243"	"CC467A867A5EB8B2C93609916CE0A5DC151F37F760F1A835C1D8A757D866BAA2"
"PointCloudVR/Assets/PointCloudWorkbench/Scripts/NoiseFilterManager.cs"	"15876"	"E55F6DC80EA932541A16A81D9E817243D70F7CA5EBDEDC8092897AA3EB240A99"
"PointCloudVR/Assets/PointCloudWorkbench/Scripts/NoiseFilterManager.cs.meta"	"59"	"51D5ABCBC2A3CF05BBE54DD4CDBD2D7E222053B7DD86C4E124662EA7B9B82192"
"PointCloudVR/Assets/PointCloudWorkbench/Scripts/NoiseFilterParams.cs"	"4291"	"E4EB8E661098BC5322DB5CFEA0EE48BDA72F85E8B46619782AFB4C03E8DF7F65"
"PointCloudVR/Assets/PointCloudWorkbench/Scripts/NoiseFilterParams.cs.meta"	"59"	"A4E16ED243D5A02A13FE092EF88DC2C73A9E02E728F0726F729964E912B7D097"
"PointCloudVR/Assets/PointCloudWorkbench/Scripts/NoiseFilterPresetManager.cs"	"4432"	"6541E11EA79D01F7661BE7B29191B2FF8AF1BF88993EE0D2A22B55DD0648C357"
"PointCloudVR/Assets/PointCloudWorkbench/Scripts/NoiseFilterPresetManager.cs.meta"	"60"	"15380A15E26609357B835DE9B39FFC8FCB4D922349AA8CAE32025C78DB66E324"
"PointCloudVR/Assets/PointCloudWorkbench/Scripts/NoiseFilterResult.cs"	"4909"	"D527CC7F9373CE9ACE09FB8CB29599AAC8C22FD4D23F1CC6109C2520FDF1F558"
"PointCloudVR/Assets/PointCloudWorkbench/Scripts/NoiseFilterResult.cs.meta"	"59"	"45129FDCEF5C7CD915027CC6B3BE44CB31DE1F9762DB58ABCA80C8E69EA716F9"
"PointCloudVR/Assets/PointCloudWorkbench/Scripts/NoiseFilterUI.cs"	"22410"	"698CA2FBDC45F193A1970442E7302C773F94EA30E30D2863BAF2A5C0B4DE3E6B"
"PointCloudVR/Assets/PointCloudWorkbench/Scripts/NoiseFilterUI.cs.meta"	"59"	"A2A74307378712155BC25ECECBED8417CDEEC3461D777EF6B4C27912AB68CC94"
"PointCloudVR/Assets/PointCloudWorkbench/Scripts/OutputGenerationStore.cs"	"5480"	"F3A3966E98E8940AFBDFEDCE93080CCDBE9DC3E7F13B9D1826517751BF3A87F6"
"PointCloudVR/Assets/PointCloudWorkbench/Scripts/OutputGenerationStore.cs.meta"	"240"	"2B1CA455474D7DC84FEB0A1727A8255F3F6FEF7B50722950C34909544D09C058"
"PointCloudVR/Assets/PointCloudWorkbench/Scripts/PivotIndicator.cs"	"2846"	"1F6868EDDF3C06FDF74B23CAF06967C4C53C00FE2B4E8BBA74F44232F203AFB6"
"PointCloudVR/Assets/PointCloudWorkbench/Scripts/PivotIndicator.cs.meta"	"59"	"EDCF9EF81FBE49EC91B313925A758FA556CFAA023ECFD16354CD93F13F2B76F8"
"PointCloudVR/Assets/PointCloudWorkbench/Scripts/PlyExportService.cs"	"11659"	"3EEF4A75C43FB35C00454864E11060E4A12627FBFB3E809CC0B71FEE71EA98E7"
"PointCloudVR/Assets/PointCloudWorkbench/Scripts/PlyExportService.cs.meta"	"60"	"6B0928F9C1AA64747243B5BD03B54439D1BCB2984CE71EC2FC659A44ABF67067"
"PointCloudVR/Assets/PointCloudWorkbench/Scripts/PointCloudData.cs"	"1257"	"E7C45B99A02595E53D82691E77039D6C0F96470D87C8ACCB68D953F6C86F153B"
"PointCloudVR/Assets/PointCloudWorkbench/Scripts/PointCloudData.cs.meta"	"59"	"F2E646A30E2BFB73EB63C498A41727860A747B48CFE9DC8A01DE8E7A85117034"
"PointCloudVR/Assets/PointCloudWorkbench/Scripts/PointCloudDownsampleService.cs"	"4708"	"AF3E7BAB23BC7F890EB6CF5A1EDC34A45908F1B68FD8766602CB1AFDCCF82969"
"PointCloudVR/Assets/PointCloudWorkbench/Scripts/PointCloudDownsampleService.cs.meta"	"243"	"D8A6217459D134DAA6F2A589ADAB4B72C194A269C045AD9B618E6FA910EAD4E4"
"PointCloudVR/Assets/PointCloudWorkbench/Scripts/PointCloudEditor.cs"	"169067"	"4715EC9B66A9C9479C347FB17AB8722D5BAE7D542C9F4394C0AD0F0FC7D3070E"
"PointCloudVR/Assets/PointCloudWorkbench/Scripts/PointCloudEditor.cs.meta"	"59"	"8A38BA27C1C9B9FB862718F633BB87250108069A07079127F9F6F5BBB93B49B5"
"PointCloudVR/Assets/PointCloudWorkbench/Scripts/PointCloudEditorUI.cs"	"73801"	"C7B1F694530834DF04F96723C6B82E9404BE14A089D7D9C1C7B6BB02D99A7C7B"
"PointCloudVR/Assets/PointCloudWorkbench/Scripts/PointCloudEditorUI.cs.meta"	"59"	"282A04D3CEDD6D6B9C8AFFC99543FC33B91BAE157A4465AE13E15187B0F0733D"
"PointCloudVR/Assets/PointCloudWorkbench/Scripts/PointCloudOctree.cs"	"8917"	"BAA8E6DC5A68738505E4DFF2CFA0C5FA80F711364CAB756EFB29F725A5C9B654"
"PointCloudVR/Assets/PointCloudWorkbench/Scripts/PointCloudOctree.cs.meta"	"59"	"211E356CB96EA466FC7C59C6C64F2FDC667AFCF0FE51A4B9890B6DD0B2BCD6E8"
"PointCloudVR/Assets/PointCloudWorkbench/Scripts/PointCloudPicker.cs"	"2232"	"223AD88450DFE007DB11AB3A12FE45C5DBD116160B8476E6AF6F0CFF14539ABA"
"PointCloudVR/Assets/PointCloudWorkbench/Scripts/PointCloudPicker.cs.meta"	"59"	"8F08B77A179BE08D3BAB6287DB4EC9C3FCC45D869E370E0F0544A2A5CDDAC88E"
"PointCloudVR/Assets/PointCloudWorkbench/Scripts/PointCloudPlyReader.cs"	"20726"	"EDFB2D7AF1B58992235E2337D140D9032A613603375723E40233886F67F58102"
"PointCloudVR/Assets/PointCloudWorkbench/Scripts/PointCloudPlyReader.cs.meta"	"60"	"7AB2131C1849AA9BDF3BBD44C2F053A6E67E6651C6B895C4F755081D82D230F3"
"PointCloudVR/Assets/PointCloudWorkbench/Scripts/PointCloudProgressManager.cs"	"9112"	"6613235383E90583BAC6F611B50D39AF69A8F8E6A17FBBDC5717334B726CF5B6"
"PointCloudVR/Assets/PointCloudWorkbench/Scripts/PointCloudProgressManager.cs.meta"	"59"	"95E4CF4CC60F395C2D438E5BD5E0612DC59D587D5E8667F52B1879AA389A86F9"
"PointCloudVR/Assets/PointCloudWorkbench/Scripts/PointCloudRecoverySession.cs"	"1427"	"0DF933C339B64DB2FC201E3EA75BDF0DFF0E03C363A02BCC8D528503C015F80E"
"PointCloudVR/Assets/PointCloudWorkbench/Scripts/PointCloudRecoverySession.cs.meta"	"60"	"F06AE150AB863F332111CB78ADEB63C5B3E1E63B7189D261B944D9156782686C"
"PointCloudVR/Assets/PointCloudWorkbench/Scripts/PointCloudRevisionBinding.cs"	"398"	"91C738F097ECF0C540A3A35924018B549178B5FDBF5692E0EE71967FCD33DCE3"
"PointCloudVR/Assets/PointCloudWorkbench/Scripts/PointCloudRevisionBinding.cs.meta"	"60"	"20B6BD10A50D177B1A7997B08DD9C4FD0845FC710652E221ECA528F28214D4A3"
"PointCloudVR/Assets/PointCloudWorkbench/Scripts/PointCloudScaleService.cs"	"8472"	"9FEDAD2C441F2D8461509B1DF85FACDD501E8B9875C44136F636EC476676C1BB"
"PointCloudVR/Assets/PointCloudWorkbench/Scripts/PointCloudScaleService.cs.meta"	"243"	"01EEBBCCF8765EDFB2C311221F00647FDDCD198D0B177EE99D5F895987879DF6"
"PointCloudVR/Assets/PointCloudWorkbench/Scripts/PointCloudSessionRecoveryStore.cs"	"12079"	"B86151468139E5A8F546A4735E737D3180818F2E5A3E03788C3FEB876F450665"
"PointCloudVR/Assets/PointCloudWorkbench/Scripts/PointCloudSessionRecoveryStore.cs.meta"	"60"	"B165A402A1BAA034FEB5622644A7BABD88BD6F7CA4CFC0082BF48A5A56187F87"
"PointCloudVR/Assets/PointCloudWorkbench/Scripts/PythonBridge.cs"	"50378"	"4B2483FFA5572B9430B7829C4CDB4DC05596B24D80B6009C4460AFE743675179"
"PointCloudVR/Assets/PointCloudWorkbench/Scripts/PythonBridge.cs.meta"	"59"	"821281FD448CA854D2393D641F73418C89366C86E3DA39CE7D747273C8E5F8D6"
"PointCloudVR/Assets/PointCloudWorkbench/Scripts/SafeEventDispatch.cs"	"648"	"AADC86EB677479033298C6035819431108905CC3E20BB2E9236715094F6675AB"
"PointCloudVR/Assets/PointCloudWorkbench/Scripts/SafeEventDispatch.cs.meta"	"240"	"D85E0642EEE6F1082217D72E08A253AF870572E1750EE8A0EB5F856A892541F1"
"PointCloudVR/Assets/PointCloudWorkbench/Scripts/StemDiameterInputExport.cs"	"3429"	"4A4DF27E8ABF397F68AC71DA48E336E3A00A58B675E9A144DB47B5AB01B04396"
"PointCloudVR/Assets/PointCloudWorkbench/Scripts/StemDiameterInputExport.cs.meta"	"240"	"6E625EDF85C311B9FF406752FDE4DC1CE31391557CF80215244E131A47224FAE"
"PointCloudVR/Assets/PointCloudWorkbench/Scripts/StemDiameterPointFingerprint.cs"	"3019"	"B108775D450CB7BB491CC6A5CAC7002807ADB89E1920EEC42087D94280F047C4"
"PointCloudVR/Assets/PointCloudWorkbench/Scripts/StemDiameterPointFingerprint.cs.meta"	"240"	"7DB603C1B48D99EB0F62B42A6854476F74B2EE3B5C8A6C85A79A2A440D6AFBAE"
"PointCloudVR/Assets/PointCloudWorkbench/Scripts/StemDiameterResult.cs"	"2944"	"21E388CD153533A69446B9144EDE4D3094B608ED0F5E5402334C70B7260526D7"
"PointCloudVR/Assets/PointCloudWorkbench/Scripts/StemDiameterResult.cs.meta"	"240"	"74CD349FB6E27154F1C4AEA854BE79C313CD89889C38D78ED71879B9F81E7F0B"
"PointCloudVR/Assets/PointCloudWorkbench/Scripts/StemDiameterResultCache.cs"	"5014"	"D11FA8C555848106799A22C593CA7D27ECB4C25E8296EDDFFF2108A5D4582A2F"
"PointCloudVR/Assets/PointCloudWorkbench/Scripts/StemDiameterResultCache.cs.meta"	"240"	"6F45226E85CF94951567F209A0989F24725C8867AB8017D537A65F352314D7D9"
"PointCloudVR/Assets/PointCloudWorkbench/Scripts/StemDiameterUI.cs"	"50819"	"CA52DEC86243E8B23A8A61B9A8855C044FC42F28E871C1E79DCD933F79794C17"
"PointCloudVR/Assets/PointCloudWorkbench/Scripts/StemDiameterUI.cs.meta"	"240"	"9A8D6822ED21924C7870FD1B44AF6B71425D7A9FAC73152C667F30EDC6A65B5E"
"PointCloudVR/Assets/PointCloudWorkbench/Scripts/StemDiameterVisualizer.cs"	"6331"	"E810798240408F98C4E34B5A6F4CEEE45A7E39BD580506253FCE20BB96A79703"
"PointCloudVR/Assets/PointCloudWorkbench/Scripts/StemDiameterVisualizer.cs.meta"	"240"	"26E5DAAABD6722E4709B60D5BF908FA052CDEBB888095C651DFEAA0EF5D05085"
"PointCloudVR/Assets/PointCloudWorkbench/Scripts/TrackballMath.cs"	"1345"	"1F85EF8FF80FB60BBD6C442F5328335BA29EA2F5FE887C6769192841D1680A83"
"PointCloudVR/Assets/PointCloudWorkbench/Scripts/TrackballMath.cs.meta"	"59"	"C75485C38D169E5C494E5E5068AE85096F7AA6BED3E1A7144D2C35A07458492A"
"PointCloudVR/Assets/PointCloudWorkbench/Shaders.meta"	"172"	"CE3391B6C2A6011EDADBBF0B6CB610666F5A244A11913CBF74009D1A0F1AC8EB"
"PointCloudVR/Assets/PointCloudWorkbench/Shaders/OverlayColorShader.shader"	"1061"	"FFB12386BC6347B1DE52444A54615D0FC6022330B31F2CA0BB35FE163AE98F14"
"PointCloudVR/Assets/PointCloudWorkbench/Shaders/OverlayColorShader.shader.meta"	"204"	"D6A06FAFDA5748569268D36CD8E6815857AC5DB2754F187135D3F960ED46093D"
"PointCloudVR/Assets/PointCloudWorkbench/Shaders/PointCloudShader.shader"	"8600"	"7B64A07C69B570E335EF6DC76EAA33A1EE7E231B4503C13DAD188DDFC9757A31"
"PointCloudVR/Assets/PointCloudWorkbench/Shaders/PointCloudShader.shader.meta"	"204"	"D28C4DC5B5B5A09B230E514F80D326A11A5B002F2F313E5A842A2BA5998264F9"
"PointCloudVR/Assets/StreamingAssets.meta"	"172"	"F5E08D3382AC7BBE9E4C6D0D6661131C2BCE21DA124D51B740B6AED0F9E4B54B"
"PointCloudVR/Assets/StreamingAssets/sample.ply"	"1670499"	"E8310A0BBFE2458480B7ACA7AB53A86A353F8BF7E9859F27AB19139C2409B461"
"PointCloudVR/Assets/StreamingAssets/sample.ply.meta"	"155"	"0E5DD75CDC0344435AE3492BDC7A239EDE9A70C9119FE3514E92F6BBB7930FED"
"PointCloudVR/Assets/VRTestScene.unity"	"146213"	"EFA461EF991E7C1D436863B423C0D28BE978AE17DE5A4A0252A4E98D5808D7DD"
"PointCloudVR/Assets/VRTestScene.unity.meta"	"155"	"51B8261B4C316C0BE996A7C370955F6860175451AE272720F6B75EC3F9B95788"
"PointCloudVR/Assets/XR.meta"	"172"	"9DDDB372064383D1B9184C622F17A0C701917A89B1E8C7D183C7AA1093AF46D3"
"PointCloudVR/Assets/XR/Loaders.meta"	"172"	"18B7051712146A9C943DAF3315FBE912F24A36959D3403412DA3F0FE021051BC"
"PointCloudVR/Assets/XR/Loaders/OpenXRLoader.asset"	"452"	"3DADE780DDFC9EF1E12C3275788DF48569AD586F9310D96CD91105E1C5739A7A"
"PointCloudVR/Assets/XR/Loaders/OpenXRLoader.asset.meta"	"189"	"FBB97E98A997771563E2050A361FD7E4E6EFAC6219EBB9DEE3E3A8CACEDD1C05"
"PointCloudVR/Assets/XR/Settings.meta"	"172"	"AAB2AA812F9B7305CB178D4EEA41A1D8381F9C72CDDFCBBAFC638CA4FC85014A"
"PointCloudVR/Assets/XR/Settings/OpenXR Editor Settings.asset"	"536"	"D85B795F3CD123FFDB3BA3DA5DF5103EFE62CA1FB0F414E0F52D8C22F2A86839"
"PointCloudVR/Assets/XR/Settings/OpenXR Editor Settings.asset.meta"	"189"	"4BF624C8EBC0194578E8C46131B560A44D10C31AFD8FFA7D739967F7670AA22B"
"PointCloudVR/Assets/XR/Settings/OpenXR Package Settings.asset"	"25172"	"FE11A40063B04D7F68BBC1E4378C4AD0D59A94BBFB07BD6B3DB01E2787257A7A"
"PointCloudVR/Assets/XR/Settings/OpenXR Package Settings.asset.meta"	"189"	"930D87B72182A04793C38D6B729AAC5B58C629C6A4E9F32254F29776B8F2C092"
"PointCloudVR/Assets/XR/XRGeneralSettingsPerBuildTarget.asset"	"2866"	"ACC67F5816270AB736CDFDE5AD83EDB564C1996DE7CBDA885514BD79800B790A"
"PointCloudVR/Assets/XR/XRGeneralSettingsPerBuildTarget.asset.meta"	"189"	"0D28EC4EDCB7E6B2222F399061E46321842199309938A89F33B9766849DB29DE"
"PointCloudVR/Assets/XRI.meta"	"172"	"5FE18F6A63A15B9B977AB177494BB53DC5BA4BA71565DEC045779BAD467C3BA0"
"PointCloudVR/Assets/XRI/Settings.meta"	"172"	"B46488321403746B8DB63E7F8DE29D966B0650D71ADACAC30A869E0A45A27F94"
"PointCloudVR/Assets/XRI/Settings/Resources.meta"	"172"	"46AAF02ABB43E6921F859C3AB95B3F33F28F2D690D59A9B0274BCAF1BF8FA005"
"PointCloudVR/Assets/XRI/Settings/Resources/InteractionLayerSettings.asset"	"685"	"D816024D94D3969237A90EC80D77DE13341BF0DDB75527649922A391745000A6"
"PointCloudVR/Assets/XRI/Settings/Resources/InteractionLayerSettings.asset.meta"	"189"	"734B77EC8C9484399110EC933FC60EA92B1E196B96B8D02D8861CA6E5AFB9A58"
"PointCloudVR/Assets/XRI/Settings/Resources/XRDeviceSimulatorSettings.asset"	"646"	"7300B0A6D5D7BBEB0038155FB8C1275E387A3B30E20B91EE3B2E968F4F0C4B46"
"PointCloudVR/Assets/XRI/Settings/Resources/XRDeviceSimulatorSettings.asset.meta"	"189"	"61A2427FD4238E5E231F80E7C9288EEC3F2D3FA5A096E2CDB820E340887C625C"
"PointCloudVR/Assets/XRI/Settings/XRInteractionEditorSettings.asset"	"552"	"476C223EC4AF4A61805C100AFB7436FEE514D610AFFE4682328E13AB2E9989B2"
"PointCloudVR/Assets/XRI/Settings/XRInteractionEditorSettings.asset.meta"	"189"	"FECF8957D562C28FDEF3D315CF48E461F803A5F335E874499BA1B941413B84C7"
"PointCloudVR/Packages/manifest.json"	"1739"	"7C0CC38448B90547C12D8E15BD412F0185FE39987ACCFC0414C78ABC84B4B17A"
"PointCloudVR/Packages/packages-lock.json"	"9855"	"1141123C4C68E4C0F69EE30D924439C437658C1F5A25CD59A7D8308CB96BEE2F"
"PointCloudVR/ProjectSettings/AudioManager.asset"	"523"	"9543C41DBFC7D3951217C4DD9481ED026EB8E529B85ECF4463969A0FEA747729"
"PointCloudVR/ProjectSettings/ClusterInputManager.asset"	"114"	"40E65DD214BF254955D2C8829CA8CE2130FD3510485560CE012E9A1DDD93E623"
"PointCloudVR/ProjectSettings/DynamicsManager.asset"	"1553"	"FB36E677F7DE32325BEDE8462E7E3EAF0BE86CA374216D2907886FCE7CB1D488"
"PointCloudVR/ProjectSettings/EditorBuildSettings.asset"	"463"	"AE2BBD7E6AC8CC38117B1BDBA79991FAEBDEF2F81D6E355D594D693B1D29024D"
"PointCloudVR/ProjectSettings/EditorSettings.asset"	"1660"	"4FB4ED8F1E8758A52BCF5978B120BC54C640CA4B58EE879BA6C8518ABC918FE5"
"PointCloudVR/ProjectSettings/GraphicsSettings.asset"	"2433"	"40DE98F4D46D02FB08E268AD3A722A00EED7289F4EF6D2E759984B1B4A85D2AF"
"PointCloudVR/ProjectSettings/InputManager.asset"	"5816"	"D0F454DDB880912ABCAE92E3E12957A7446786BA89E24937E019FF3BBC0D4300"
"PointCloudVR/ProjectSettings/MemorySettings.asset"	"1192"	"CB2E41EDD7F5A64298D68DD4AB768E8908E33A00F26E5EE53638E4D4251C358E"
"PointCloudVR/ProjectSettings/MultiplayerManager.asset"	"232"	"CE4075D7A7DD8AC7FFE55DE2427692C63F90DAE398208BD80CEC0F27CBE09F4B"
"PointCloudVR/ProjectSettings/NavMeshAreas.asset"	"1361"	"7EBBF8F53B8033104E1878B95CA07A28D0954092D81C220F14196A42F651E658"
"PointCloudVR/ProjectSettings/PackageManagerSettings.asset"	"1156"	"65A30E66FB26A6E1122D7C486754D330B5C3AA98A9CC5AC7AA6AEFAFC9BE8547"
"PointCloudVR/ProjectSettings/Physics2DSettings.asset"	"1862"	"1CFC0C8FBCEEC604FD7CD2A06C04FF05DDDEE6335B75C92B0F5715AD80BA9490"
"PointCloudVR/ProjectSettings/PresetManager.asset"	"146"	"29C125923FE6E29F90190D4FCE1C82D660E7051546E2C9D02908D18C9CF2436C"
"PointCloudVR/ProjectSettings/ProjectSettings.asset"	"22073"	"DD923E2F198CA5CED1373060BAA5C3C80BAACF07C0183547660EBD759D94E0D4"
"PointCloudVR/ProjectSettings/ProjectVersion.txt"	"83"	"7682D5A612C24F8310CA7094CFE88140ABC299DAFB4A92293D3B405F524D6F8E"
"PointCloudVR/ProjectSettings/QualitySettings.asset"	"9802"	"F1F893B1BE47AD2442F58338DD7C860DC1986BB317E2F5BB31084454FFABBF4C"
"PointCloudVR/ProjectSettings/SceneTemplateSettings.json"	"3535"	"BB9098B3BFCDE78D93E264B96F7B77B5430E64E8C57A7AAD7F5A5D9C3945E16A"
"PointCloudVR/ProjectSettings/TagManager.asset"	"443"	"996628FDC904025B83606BBFBDA4FE08C0BBE916475146110E77CDC2F22C2013"
"PointCloudVR/ProjectSettings/TimeManager.asset"	"305"	"3396F52FDC16D445024E01D7A2D99DB6F0A37569D1D73C0302E9FFB857D90287"
"PointCloudVR/ProjectSettings/UnityConnectSettings.asset"	"1063"	"11251DAE0356B6F43DD2C67BB511F6B7ECDA4E5DE425186BBA3297E6F3DC1C6F"
"PointCloudVR/ProjectSettings/VersionControlSettings.asset"	"172"	"E199CDFA6A8F2BF33CFD47E549198F13E3EB2A5099E908FDB4E0F14D939CCC6B"
"PointCloudVR/ProjectSettings/VFXManager.asset"	"525"	"2973A6AF930E142F62CDE00076BEDA8A3CC3A66D9BFCDE7A58BA7D4BE2251C26"
"PointCloudVR/python_backend/2_downsample.py"	"10439"	"8326702A53AF6BD3067827C6C25D97DDA04F77BC4A899E68B4C0B3969C83405E"
"PointCloudVR/python_backend/coordinate_units.py"	"1587"	"EB455C3E77084569FE7B7BE16F2EF04CFC031BB187690D9FAA463F949DEE9AB3"
"PointCloudVR/python_backend/filter_pipeline.py"	"21775"	"3C49B7E10E301A8D1BA2BC329B2C6B8F6FEDC4DDD0A65298A31AB28AFD7B8D4C"
"PointCloudVR/python_backend/noise_filters.py"	"19280"	"E247F573A6FDD57500CD250E42D0890D0E73D9B20F3B460A01F766F06142A41F"
"PointCloudVR/python_backend/output_generations.py"	"6597"	"8A3A382D1A9B258819AE299CFE6765F1C7A673E5E7E8F7CF4C1E9A3A91268926"
"PointCloudVR/python_backend/pointcloud_components.py"	"5813"	"4E7238B06B931C0931DB85ED7ABC13FC036A928ED0F94D24BA974CD6056A21FA"
"PointCloudVR/python_backend/pointcloud_io.py"	"2434"	"626D16BE5F6F887BF7221EF048F0B2F6D5C20B2D0ED59A69DD0FE33EEBF206B0"
"PointCloudVR/python_backend/reference_sphere_algorithm.py"	"12080"	"124BF0EB4473B9278A4F1BF250AB0497442B82F342F3FA48AE520D568C27C263"
"PointCloudVR/python_backend/requirements.txt"	"55"	"588B169D9ED3D502C5563915C734AB351815F7E3574EE9B645082E5185B5D549"
"PointCloudVR/python_backend/result_writer.py"	"6997"	"7D97147D705A365D61390FF764D6761ADD6BE39DA1421461EB201341C6E4FAEA"
"PointCloudVR/python_backend/run_noise_filter.py"	"19594"	"C8E85E756DF4F75479AD64D35F96D05F46F79F76D6228382961514231253394E"
"PointCloudVR/python_backend/run_reference_sphere.py"	"4411"	"623E06C1262FEF366D10792C37315A2BDD44446F024E252D43DCFFFE2D53A855"
"PointCloudVR/python_backend/run_stem_diameter.py"	"11466"	"F66D36924DE904163926458A4D18A48E8AFD1251A96CAAE1AD5742D01EEA3720"
"PointCloudVR/python_backend/run_support_cylinder.py"	"4237"	"6A887C71C471EAB3E932EE8B232FD1EF5F024EA557268761577BDFD74A5509A1"
"PointCloudVR/python_backend/scale_calibration.py"	"1547"	"07909F807880989A38D2CA91FACCF298A520E871FB8865113B707C3B584B23A5"
"PointCloudVR/python_backend/stem_diameter_algorithm.py"	"44313"	"85D8C9588A75F208C6997A9AC7BD2788C4E9832A3571B64B709F7D9134D0AFC3"
"PointCloudVR/python_backend/stem_diameter_output.py"	"11089"	"0403947B579F2F0B84CECEA4E3F7B137EE51876D85B7EDD48899B6D693061DA6"
"PointCloudVR/python_backend/support_cylinder.py"	"7870"	"465E635756FE215255BF5E6655DB11415AE439B4A32D0BFB3337DFD21AE74133"
"PointCloudVR/python_backend/tests/generate_test_data.py"	"5230"	"C52111789254AA05B6E2108302ABE6A7D8AEF5B79F7EDB76ADD4FE9379FE5271"
"PointCloudVR/python_backend/tests/test_coordinate_unit_boundaries.py"	"13593"	"14EC7CE8F71E26DF3512A5EE8CF67AF19DDA25F097F63EE72822CAFDC9C3AA56"
"PointCloudVR/python_backend/tests/test_filters.py"	"8300"	"0691946C995756A8768894D3D6856D360A70F97161CA594021D49D0A60CE096F"
"PointCloudVR/python_backend/tests/test_output_generation_transactions.py"	"7639"	"C4194150FF3E7EA44DC1B53AB878DFBA3F670C6411ED14236DF1E4CF16000F72"
"PointCloudVR/python_backend/tests/test_reference_sphere_algorithm.py"	"5294"	"671244D9F2726DDC725F3D2E67D681435829014A017EC8EDF1832039225441BE"
"PointCloudVR/python_backend/tests/test_run_reference_sphere.py"	"3594"	"82488E44C695969D1AB6D52B1C05505629127DF43C4DA00D4F216EA78BE6A957"
"PointCloudVR/python_backend/tests/test_run_stem_diameter.py"	"22562"	"8C972A1A3AB3044C09C998D0AFA66E6A76E13909773982DD3EF6E4E0324463FF"
"PointCloudVR/python_backend/tests/test_scale_calibration.py"	"818"	"E3C655117871324DC21826FAD51CA273C5903292CAF38FF98D177E3EAE953BA6"
"PointCloudVR/python_backend/tests/test_stem_diameter_algorithm.py"	"14191"	"5952A067628118E8DB28CF878CD16FCD6EA1B8A0CCB49EE42F8DE01250761F28"
"PointCloudVR/tests/PlyExportValidation/.gitignore"	"10"	"6C5082C7E6DE3E350189C67A1AACF757485ECC26E0A3CF96683528565F3E5F12"
"PointCloudVR/tests/PlyExportValidation/PlyExportValidation.csproj"	"2514"	"D4004AE4AA18A93092B5848B4A8A4D7B392EF6780D9679C6F5CA856308642720"
"PointCloudVR/tests/PlyExportValidation/PointDataStub.cs"	"1526"	"4F73407393E26158DD0387570959392B4FF35C989771D547374D6845B6CF505F"
"PointCloudVR/tests/PlyExportValidation/Program.cs"	"43303"	"B9EB741BD06ED3779B12917776F53853E96A8965E58A3BE544C3EA5D85033DEB"
"PointCloudVR/tests/PlyExportValidation/UnityEngineJsonStub.cs"	"1200"	"8019D6CD089ACAD97AC709F07EC357D424A48FFD5B327D1CEA7C5EC355EE54A5"
