component,version,dependency_type,source_or_evidence,license_name,spdx_or_license_ref,copyright_holder_or_notice,official_project_or_license_url,license_text_path,distribution_form,redistribution_notes,verification_status
Unity package: com.unity.modules.accessibility,1.0.0,built-in Unity module,"packages-lock.json source=builtin, depth=0",Unity Engine/runtime terms,LicenseRef-Unity-Engine-License,Unity Technologies,https://unity.com/legal,Consult Unity Engine terms,Unity package/runtime component; final inclusion depends on target,Built-in module; not separately relicensed by this project,Resolved version confirmed in lock; package license snapshot copied where available
Unity package: com.unity.modules.adaptiveperformance,1.0.0,built-in Unity module,"packages-lock.json source=builtin, depth=0",Unity Engine/runtime terms,LicenseRef-Unity-Engine-License,Unity Technologies,https://unity.com/legal,Consult Unity Engine terms,Unity package/runtime component; final inclusion depends on target,Built-in module; not separately relicensed by this project,Resolved version confirmed in lock; package license snapshot copied where available
Unity package: com.unity.modules.ai,1.0.0,built-in Unity module,"packages-lock.json source=builtin, depth=0",Unity Engine/runtime terms,LicenseRef-Unity-Engine-License,Unity Technologies,https://unity.com/legal,Consult Unity Engine terms,Unity package/runtime component; final inclusion depends on target,Built-in module; not separately relicensed by this project,Resolved version confirmed in lock; package license snapshot copied where available
Unity package: com.unity.modules.androidjni,1.0.0,built-in Unity module,"packages-lock.json source=builtin, depth=0",Unity Engine/runtime terms,LicenseRef-Unity-Engine-License,Unity Technologies,https://unity.com/legal,Consult Unity Engine terms,Unity package/runtime component; final inclusion depends on target,Built-in module; not separately relicensed by this project,Resolved version confirmed in lock; package license snapshot copied where available
Unity package: com.unity.modules.animation,1.0.0,built-in Unity module,"packages-lock.json source=builtin, depth=0",Unity Engine/runtime terms,LicenseRef-Unity-Engine-License,Unity Technologies,https://unity.com/legal,Consult Unity Engine terms,Unity package/runtime component; final inclusion depends on target,Built-in module; not separately relicensed by this project,Resolved version confirmed in lock; package license snapshot copied where available
Unity package: com.unity.modules.assetbundle,1.0.0,built-in Unity module,"packages-lock.json source=builtin, depth=0",Unity Engine/runtime terms,LicenseRef-Unity-Engine-License,Unity Technologies,https://unity.com/legal,Consult Unity Engine terms,Unity package/runtime component; final inclusion depends on target,Built-in module; not separately relicensed by this project,Resolved version confirmed in lock; package license snapshot copied where available
Unity package: com.unity.modules.audio,1.0.0,built-in Unity module,"packages-lock.json source=builtin, depth=0",Unity Engine/runtime terms,LicenseRef-Unity-Engine-License,Unity Technologies,https://unity.com/legal,Consult Unity Engine terms,Unity package/runtime component; final inclusion depends on target,Built-in module; not separately relicensed by this project,Resolved version confirmed in lock; package license snapshot copied where available
Unity package: com.unity.modules.cloth,1.0.0,built-in Unity module,"packages-lock.json source=builtin, depth=0",Unity Engine/runtime terms,LicenseRef-Unity-Engine-License,Unity Technologies,https://unity.com/legal,Consult Unity Engine terms,Unity package/runtime component; final inclusion depends on target,Built-in module; not separately relicensed by this project,Resolved version confirmed in lock; package license snapshot copied where available
Unity package: com.unity.modules.director,1.0.0,built-in Unity module,"packages-lock.json source=builtin, depth=0",Unity Engine/runtime terms,LicenseRef-Unity-Engine-License,Unity Technologies,https://unity.com/legal,Consult Unity Engine terms,Unity package/runtime component; final inclusion depends on target,Built-in module; not separately relicensed by this project,Resolved version confirmed in lock; package license snapshot copied where available
Unity package: com.unity.modules.hierarchycore,1.0.0,built-in Unity module,"packages-lock.json source=builtin, depth=1",Unity Engine/runtime terms,LicenseRef-Unity-Engine-License,Unity Technologies,https://unity.com/legal,Consult Unity Engine terms,Unity package/runtime component; final inclusion depends on target,Built-in module; not separately relicensed by this project,Resolved version confirmed in lock; package license snapshot copied where available
Unity package: com.unity.modules.imageconversion,1.0.0,built-in Unity module,"packages-lock.json source=builtin, depth=0",Unity Engine/runtime terms,LicenseRef-Unity-Engine-License,Unity Technologies,https://unity.com/legal,Consult Unity Engine terms,Unity package/runtime component; final inclusion depends on target,Built-in module; not separately relicensed by this project,Resolved version confirmed in lock; package license snapshot copied where available
Unity package: com.unity.modules.imgui,1.0.0,built-in Unity module,"packages-lock.json source=builtin, depth=0",Unity Engine/runtime terms,LicenseRef-Unity-Engine-License,Unity Technologies,https://unity.com/legal,Consult Unity Engine terms,Unity package/runtime component; final inclusion depends on target,Built-in module; not separately relicensed by this project,Resolved version confirmed in lock; package license snapshot copied where available
Unity package: com.unity.modules.jsonserialize,1.0.0,built-in Unity module,"packages-lock.json source=builtin, depth=0",Unity Engine/runtime terms,LicenseRef-Unity-Engine-License,Unity Technologies,https://unity.com/legal,Consult Unity Engine terms,Unity package/runtime component; final inclusion depends on target,Built-in module; not separately relicensed by this project,Resolved version confirmed in lock; package license snapshot copied where available
Unity package: com.unity.modules.particlesystem,1.0.0,built-in Unity module,"packages-lock.json source=builtin, depth=0",Unity Engine/runtime terms,LicenseRef-Unity-Engine-License,Unity Technologies,https://unity.com/legal,Consult Unity Engine terms,Unity package/runtime component; final inclusion depends on target,Built-in module; not separately relicensed by this project,Resolved version confirmed in lock; package license snapshot copied where available
Unity package: com.unity.modules.physics,1.0.0,built-in Unity module,"packages-lock.json source=builtin, depth=0",Unity Engine/runtime terms,LicenseRef-Unity-Engine-License,Unity Technologies,https://unity.com/legal,Consult Unity Engine terms,Unity package/runtime component; final inclusion depends on target,Built-in module; not separately relicensed by this project,Resolved version confirmed in lock; package license snapshot copied where available
Unity package: com.unity.modules.physics2d,1.0.0,built-in Unity module,"packages-lock.json source=builtin, depth=0",Unity Engine/runtime terms,LicenseRef-Unity-Engine-License,Unity Technologies,https://unity.com/legal,Consult Unity Engine terms,Unity package/runtime component; final inclusion depends on target,Built-in module; not separately relicensed by this project,Resolved version confirmed in lock; package license snapshot copied where available
Unity package: com.unity.modules.screencapture,1.0.0,built-in Unity module,"packages-lock.json source=builtin, depth=0",Unity Engine/runtime terms,LicenseRef-Unity-Engine-License,Unity Technologies,https://unity.com/legal,Consult Unity Engine terms,Unity package/runtime component; final inclusion depends on target,Built-in module; not separately relicensed by this project,Resolved version confirmed in lock; package license snapshot copied where available
Unity package: com.unity.modules.subsystems,1.0.0,built-in Unity module,"packages-lock.json source=builtin, depth=1",Unity Engine/runtime terms,LicenseRef-Unity-Engine-License,Unity Technologies,https://unity.com/legal,Consult Unity Engine terms,Unity package/runtime component; final inclusion depends on target,Built-in module; not separately relicensed by this project,Resolved version confirmed in lock; package license snapshot copied where available
Unity package: com.unity.modules.terrain,1.0.0,built-in Unity module,"packages-lock.json source=builtin, depth=0",Unity Engine/runtime terms,LicenseRef-Unity-Engine-License,Unity Technologies,https://unity.com/legal,Consult Unity Engine terms,Unity package/runtime component; final inclusion depends on target,Built-in module; not separately relicensed by this project,Resolved version confirmed in lock; package license snapshot copied where available
Unity package: com.unity.modules.terrainphysics,1.0.0,built-in Unity module,"packages-lock.json source=builtin, depth=0",Unity Engine/runtime terms,LicenseRef-Unity-Engine-License,Unity Technologies,https://unity.com/legal,Consult Unity Engine terms,Unity package/runtime component; final inclusion depends on target,Built-in module; not separately relicensed by this project,Resolved version confirmed in lock; package license snapshot copied where available
Unity package: com.unity.modules.tilemap,1.0.0,built-in Unity module,"packages-lock.json source=builtin, depth=0",Unity Engine/runtime terms,LicenseRef-Unity-Engine-License,Unity Technologies,https://unity.com/legal,Consult Unity Engine terms,Unity package/runtime component; final inclusion depends on target,Built-in module; not separately relicensed by this project,Resolved version confirmed in lock; package license snapshot copied where available
Unity package: com.unity.modules.ui,1.0.0,built-in Unity module,"packages-lock.json source=builtin, depth=0",Unity Engine/runtime terms,LicenseRef-Unity-Engine-License,Unity Technologies,https://unity.com/legal,Consult Unity Engine terms,Unity package/runtime component; final inclusion depends on target,Built-in module; not separately relicensed by this project,Resolved version confirmed in lock; package license snapshot copied where available
Unity package: com.unity.modules.uielements,1.0.0,built-in Unity module,"packages-lock.json source=builtin, depth=0",Unity Engine/runtime terms,LicenseRef-Unity-Engine-License,Unity Technologies,https://unity.com/legal,Consult Unity Engine terms,Unity package/runtime component; final inclusion depends on target,Built-in module; not separately relicensed by this project,Resolved version confirmed in lock; package license snapshot copied where available
Unity package: com.unity.modules.umbra,1.0.0,built-in Unity module,"packages-lock.json source=builtin, depth=0",Unity Engine/runtime terms,LicenseRef-Unity-Engine-License,Unity Technologies,https://unity.com/legal,Consult Unity Engine terms,Unity package/runtime component; final inclusion depends on target,Built-in module; not separately relicensed by this project,Resolved version confirmed in lock; package license snapshot copied where available
Unity package: com.unity.modules.unityanalytics,1.0.0,built-in Unity module,"packages-lock.json source=builtin, depth=0",Unity Engine/runtime terms,LicenseRef-Unity-Engine-License,Unity Technologies,https://unity.com/legal,Consult Unity Engine terms,Unity package/runtime component; final inclusion depends on target,Built-in module; not separately relicensed by this project,Resolved version confirmed in lock; package license snapshot copied where available
Unity package: com.unity.modules.unitywebrequest,1.0.0,built-in Unity module,"packages-lock.json source=builtin, depth=0",Unity Engine/runtime terms,LicenseRef-Unity-Engine-License,Unity Technologies,https://unity.com/legal,Consult Unity Engine terms,Unity package/runtime component; final inclusion depends on target,Built-in module; not separately relicensed by this project,Resolved version confirmed in lock; package license snapshot copied where available
Unity package: com.unity.modules.unitywebrequestassetbundle,1.0.0,built-in Unity module,"packages-lock.json source=builtin, depth=0",Unity Engine/runtime terms,LicenseRef-Unity-Engine-License,Unity Technologies,https://unity.com/legal,Consult Unity Engine terms,Unity package/runtime component; final inclusion depends on target,Built-in module; not separately relicensed by this project,Resolved version confirmed in lock; package license snapshot copied where available
Unity package: com.unity.modules.unitywebrequestaudio,1.0.0,built-in Unity module,"packages-lock.json source=builtin, depth=0",Unity Engine/runtime terms,LicenseRef-Unity-Engine-License,Unity Technologies,https://unity.com/legal,Consult Unity Engine terms,Unity package/runtime component; final inclusion depends on target,Built-in module; not separately relicensed by this project,Resolved version confirmed in lock; package license snapshot copied where available
Unity package: com.unity.modules.unitywebrequesttexture,1.0.0,built-in Unity module,"packages-lock.json source=builtin, depth=0",Unity Engine/runtime terms,LicenseRef-Unity-Engine-License,Unity Technologies,https://unity.com/legal,Consult Unity Engine terms,Unity package/runtime component; final inclusion depends on target,Built-in module; not separately relicensed by this project,Resolved version confirmed in lock; package license snapshot copied where available
Unity package: com.unity.modules.unitywebrequestwww,1.0.0,built-in Unity module,"packages-lock.json source=builtin, depth=0",Unity Engine/runtime terms,LicenseRef-Unity-Engine-License,Unity Technologies,https://unity.com/legal,Consult Unity Engine terms,Unity package/runtime component; final inclusion depends on target,Built-in module; not separately relicensed by this project,Resolved version confirmed in lock; package license snapshot copied where available
Unity package: com.unity.modules.vectorgraphics,1.0.0,built-in Unity module,"packages-lock.json source=builtin, depth=0",Unity Engine/runtime terms,LicenseRef-Unity-Engine-License,Unity Technologies,https://unity.com/legal,Consult Unity Engine terms,Unity package/runtime component; final inclusion depends on target,Built-in module; not separately relicensed by this project,Resolved version confirmed in lock; package license snapshot copied where available
Unity package: com.unity.modules.vehicles,1.0.0,built-in Unity module,"packages-lock.json source=builtin, depth=0",Unity Engine/runtime terms,LicenseRef-Unity-Engine-License,Unity Technologies,https://unity.com/legal,Consult Unity Engine terms,Unity package/runtime component; final inclusion depends on target,Built-in module; not separately relicensed by this project,Resolved version confirmed in lock; package license snapshot copied where available
Unity package: com.unity.modules.video,1.0.0,built-in Unity module,"packages-lock.json source=builtin, depth=0",Unity Engine/runtime terms,LicenseRef-Unity-Engine-License,Unity Technologies,https://unity.com/legal,Consult Unity Engine terms,Unity package/runtime component; final inclusion depends on target,Built-in module; not separately relicensed by this project,Resolved version confirmed in lock; package license snapshot copied where available
Unity package: com.unity.modules.vr,1.0.0,built-in Unity module,"packages-lock.json source=builtin, depth=0",Unity Engine/runtime terms,LicenseRef-Unity-Engine-License,Unity Technologies,https://unity.com/legal,Consult Unity Engine terms,Unity package/runtime component; final inclusion depends on target,Built-in module; not separately relicensed by this project,Resolved version confirmed in lock; package license snapshot copied where available
Unity package: com.unity.modules.wind,1.0.0,built-in Unity module,"packages-lock.json source=builtin, depth=0",Unity Engine/runtime terms,LicenseRef-Unity-Engine-License,Unity Technologies,https://unity.com/legal,Consult Unity Engine terms,Unity package/runtime component; final inclusion depends on target,Built-in module; not separately relicensed by this project,Resolved version confirmed in lock; package license snapshot copied where available
Unity package: com.unity.modules.xr,1.0.0,built-in Unity module,"packages-lock.json source=builtin, depth=0",Unity Engine/runtime terms,LicenseRef-Unity-Engine-License,Unity Technologies,https://unity.com/legal,Consult Unity Engine terms,Unity package/runtime component; final inclusion depends on target,Built-in module; not separately relicensed by this project,Resolved version confirmed in lock; package license snapshot copied where available
Matplotlib bundled DejaVu fonts,version unknown,bundled third-party component,Inspected .venv / Unity PackageCache notice,DejaVu font license,LicenseRef-DejaVu-Font-License,See exact notice,https://dejavu-fonts.github.io/,licenses/third_party/python/matplotlib-3.11.2/LICENSE_DEJAVU,Embedded in package or wheel; final build inclusion varies,Retain notice,Observed; see source package notice and version limits
Matplotlib bundled STIX fonts,version unknown,bundled third-party component,Inspected .venv / Unity PackageCache notice,STIX font license,LicenseRef-STIX-Font-License,See exact notice,https://github.com/stipub/stixfonts,licenses/third_party/python/matplotlib-3.11.2/LICENSE_STIX,Embedded in package or wheel; final build inclusion varies,Retain notice,Observed; see source package notice and version limits
Matplotlib Windows wheel static/native dependencies (unresolved),Matplotlib 3.11.2 wheel; component versions not established,bundled third-party component,Inspected Windows wheel or Unity package license/notice,Unknown per-component; exact native static-link inventory not established,NOASSERTION,Multiple upstream authors; exact set not established,https://github.com/matplotlib/matplotlib/tree/main/extern,No complete exact-wheel native notice located,Bundled or compiled into package in inspected environment; exact player inclusion varies,Obtain exact wheel build provenance and notices before redistribution,Unresolved distribution blocker
Microsoft Visual C++ runtime DLL msvcp140-*.dll,version unknown,bundled third-party component,Inspected .venv / Unity PackageCache notice,Microsoft runtime terms,LicenseRef-Microsoft-Visual-C++-Runtime,Microsoft; package provenance unknown,https://learn.microsoft.com/en-us/cpp/windows/redistributing-visual-cpp-files,Not included,Embedded in package or wheel; final build inclusion varies,Do not redistribute until originating wheel and Microsoft redistribution terms are verified,Observed; see source package notice and version limits
NumPy bundled OpenBLAS DLL,version/build unknown,bundled third-party component,Inspected .venv / Unity PackageCache notice,BSD-3-Clause family,BSD-3-Clause,See OpenBLAS license,https://github.com/OpenMathLib/OpenBLAS,licenses/third_party/native/OpenBLAS-LICENSE.txt,Embedded in package or wheel; final build inclusion varies,Confirm exact wheel build before binary distribution,Observed; see source package notice and version limits
Open3D bundled Roboto font,not stated,bundled third-party component,Inspected .venv / Unity PackageCache notice,Apache-2.0,Apache-2.0,Google / Roboto authors,https://fonts.google.com/specimen/Roboto,licenses/third_party/python/open3d-0.19.0/bundled/Roboto-License.txt,Embedded in package or wheel; final build inclusion varies,Retain font notice,Observed; see source package notice and version limits
Open3D oneTBB DLL tbb12.dll,version unknown,bundled third-party component,Inspected .venv / Unity PackageCache notice,Apache-2.0,Apache-2.0,oneTBB contributors,https://github.com/uxlfoundation/oneTBB,licenses/third_party/native/oneTBB-LICENSE.txt; licenses/third_party/native/Apache-2.0.txt,Embedded in package or wheel; final build inclusion varies,Confirm exact wheel build/version before binary distribution,Observed; see source package notice and version limits
Open3D web asset lodash,4.17.21,bundled third-party component,Inspected .venv / Unity PackageCache notice,MIT,MIT,OpenJS Foundation and contributors,https://www.npmjs.com/package/lodash,licenses/third_party/python/open3d-0.19.0/bundled/labextension-third-party-licenses.json,Embedded in package or wheel; final build inclusion varies,License text embedded in JSON,Observed; see source package notice and version limits
Open3D web asset sdp,2.12.0,bundled third-party component,Inspected .venv / Unity PackageCache notice,MIT,MIT,Philipp Hancke,https://www.npmjs.com/package/sdp,licenses/third_party/python/open3d-0.19.0/bundled/labextension-third-party-licenses.json,Embedded in package or wheel; final build inclusion varies,License text embedded in JSON,Observed; see source package notice and version limits
Open3D web asset webrtc-adapter,4.2.2,bundled third-party component,Inspected .venv / Unity PackageCache notice,BSD-3-Clause,BSD-3-Clause,WebRTC project authors,https://www.npmjs.com/package/webrtc-adapter,licenses/third_party/python/open3d-0.19.0/bundled/labextension-third-party-licenses.json,Embedded in package or wheel; final build inclusion varies,License text embedded in JSON,Observed; see source package notice and version limits
Open3D Windows wheel static/native dependencies (unresolved),Open3D 0.19.0 wheel; component versions not established,bundled third-party component,Inspected Windows wheel or Unity package license/notice,Unknown per-component; wheel lacks complete native SBOM in inspected files,NOASSERTION,Multiple upstream authors; exact set not established,https://github.com/isl-org/Open3D/blob/main/3rdparty/README.md,No complete wheel-specific native notice located; source dependency list is not proof of wheel contents,Bundled or compiled into package in inspected environment; exact player inclusion varies,Obtain exact wheel build SBOM/notices and verify each static component before redistribution,Unresolved distribution blocker
Pillow bundled codec: Brotli,1.2.0,bundled third-party component,Inspected Windows wheel or Unity package license/notice,MIT,MIT,Brotli Authors,https://github.com/google/brotli,licenses/third_party/python/pillow-12.3.0/LICENSE,Bundled or compiled into package in inspected environment; exact player inclusion varies,Retain Pillow license containing exact Brotli notice.,Observed in copied package/wheel notice
Pillow bundled color library: LittleCMS,2.19.1,bundled third-party component,Inspected Windows wheel or Unity package license/notice,MIT-style license,LicenseRef-LittleCMS-Notice,Marti Maria Saguer,https://github.com/mm2/Little-CMS,licenses/third_party/python/pillow-12.3.0/LICENSE,Bundled or compiled into package in inspected environment; exact player inclusion varies,Retain the exact notice in Pillow license.,Observed in copied package/wheel notice
Pillow bundled compression library: zlib-ng,2.3.3,bundled third-party component,Inspected Windows wheel or Unity package license/notice,zlib license,Zlib,Jean-loup Gailly and Mark Adler,https://github.com/zlib-ng/zlib-ng,licenses/third_party/python/pillow-12.3.0/LICENSE,Bundled or compiled into package in inspected environment; exact player inclusion varies,Retain the exact notice in Pillow license.,Observed in copied package/wheel notice
Pillow bundled compression utility: XZ,5.8.3,bundled third-party component,Inspected Windows wheel or Unity package license/notice,Multiple license notices by component,LicenseRef-XZ-Embedded-Notices,XZ Utils authors and contributors,https://tukaani.org/xz/,licenses/third_party/python/pillow-12.3.0/LICENSE,Bundled or compiled into package in inspected environment; exact player inclusion varies,Retain the exact notice in Pillow license.,Observed in copied package/wheel notice
Pillow bundled image codec: libwebp,1.6.0,bundled third-party component,Inspected Windows wheel or Unity package license/notice,BSD-3-Clause,BSD-3-Clause,Google Inc. and contributors,https://github.com/webmproject/libwebp,licenses/third_party/python/pillow-12.3.0/LICENSE,Bundled or compiled into package in inspected environment; exact player inclusion varies,Retain the exact notice in Pillow license.,Observed in copied package/wheel notice
Pillow bundled image library: libavif,1.4.2,bundled third-party component,Inspected Windows wheel or Unity package license/notice,Multiple component notices/licenses,LicenseRef-libavif-embedded-licenses,Joe Drago and contributors; component rights listed in notice,https://github.com/AOMediaCodec/libavif,licenses/third_party/python/pillow-12.3.0/LICENSE,Bundled or compiled into package in inspected environment; exact player inclusion varies,Pillow notice includes libavif and related codec notices; retain it.,Observed in copied package/wheel notice
Pillow bundled image library: libpng,1.6.58,bundled third-party component,Inspected Windows wheel or Unity package license/notice,libpng license,libpng-2.0,Glenn Randers-Pehrson and contributors,http://www.libpng.org/pub/png/libpng.html,licenses/third_party/python/pillow-12.3.0/LICENSE,Bundled or compiled into package in inspected environment; exact player inclusion varies,Retain the exact notice in Pillow license.,Observed in copied package/wheel notice
Pillow bundled JPEG codec: libjpeg-turbo,3.1.4.1,bundled third-party component,Inspected Windows wheel or Unity package license/notice,BSD-style / IJG / zlib notices,LicenseRef-libjpeg-turbo-embedded-licenses,"D. R. Commander, IJG and contributors",https://github.com/libjpeg-turbo/libjpeg-turbo,licenses/third_party/python/pillow-12.3.0/LICENSE,Bundled or compiled into package in inspected environment; exact player inclusion varies,Retain all license sections in Pillow license.,Observed in copied package/wheel notice
Pillow bundled JPEG2000 codec: OpenJPEG,2.5.4,bundled third-party component,Inspected Windows wheel or Unity package license/notice,BSD-style license,LicenseRef-OpenJPEG-Notice,OpenJPEG contributors,https://github.com/uclouvain/openjpeg,licenses/third_party/python/pillow-12.3.0/LICENSE,Bundled or compiled into package in inspected environment; exact player inclusion varies,Retain the exact notice in Pillow license.,Observed in copied package/wheel notice
Pillow bundled library: FreeType,2.14.3,bundled third-party component,Inspected Windows wheel or Unity package license/notice,FreeType License / GPL alternative included in upstream notice,LicenseRef-FreeType-Licenses,FreeType Project authors,https://freetype.org/,licenses/third_party/python/pillow-12.3.0/LICENSE,Bundled or compiled into package in inspected environment; exact player inclusion varies,Pillow notice includes the FreeType license choices and component notice; retain it.,Observed in copied package/wheel notice
Pillow bundled library: HarfBuzz,14.2.1,bundled third-party component,Inspected Windows wheel or Unity package license/notice,Old MIT-style license,LicenseRef-HarfBuzz-MIT-Notice,"Google, Ebrahim Byagowi, Facebook, Mozilla and contributors; see notice",https://github.com/harfbuzz/harfbuzz,licenses/third_party/python/pillow-12.3.0/LICENSE,Bundled or compiled into package in inspected environment; exact player inclusion varies,Retain the exact notice in Pillow license.,Observed in copied package/wheel notice
Pillow bundled TIFF library: libtiff,4.7.1,bundled third-party component,Inspected Windows wheel or Unity package license/notice,libtiff license,LicenseRef-libtiff-Notice,"Sam Leffler, Silicon Graphics and contributors",https://gitlab.com/libtiff/libtiff,licenses/third_party/python/pillow-12.3.0/LICENSE,Bundled or compiled into package in inspected environment; exact player inclusion varies,Retain the exact notice in Pillow license.,Observed in copied package/wheel notice
SciPy bundled OpenBLAS DLL,version/build unknown,bundled third-party component,Inspected .venv / Unity PackageCache notice,BSD-3-Clause family,BSD-3-Clause,See OpenBLAS license,https://github.com/OpenMathLib/OpenBLAS,licenses/third_party/native/OpenBLAS-LICENSE.txt,Embedded in package or wheel; final build inclusion varies,Confirm exact wheel build before binary distribution,Observed; see source package notice and version limits
Unity Mathematics bundled noise code,version not stated,bundled third-party component,Inspected Windows wheel or Unity package license/notice,MIT License,MIT,Ashima Arts and Stefan Gustavson,https://github.com/Unity-Technologies/Unity.Mathematics,licenses/third_party/unity/com.unity.mathematics@19a9377c4ffa/Unity.Mathematics/Noise/LICENSE,Bundled or compiled into package in inspected environment; exact player inclusion varies,Keep this distinct from Unity package UCL and project MIT.,Observed in copied package/wheel notice
Unity third-party Google ARCore gesture sample,not stated,bundled third-party component,Inspected .venv / Unity PackageCache notice,Apache License 2.0,Apache-2.0,Google Inc.,https://github.com/google-ar/arcore-unity-sdk/tree/master/Assets/GoogleARCore/Examples/ObjectManipulation,licenses/third_party/unity/com.unity.xr.interaction.toolkit@07ec8e1205bc/Third Party Notices.md,Embedded in package or wheel; final build inclusion varies,Retain package notice and Apache terms,Observed; see source package notice and version limits
Unity third-party Google ArmModel files,not stated,bundled third-party component,Inspected .venv / Unity PackageCache notice,Apache License 2.0,Apache-2.0,Google Inc.,https://www.apache.org/licenses/LICENSE-2.0,licenses/third_party/unity/com.unity.xr.legacyinputhelpers@3f62d634f63b/Third Party Notices.md,Embedded in package or wheel; final build inclusion varies,Retain package notice and Apache terms,Observed; see source package notice and version limits
Unity third-party Khronos OpenXR-SDK-Source,not stated,bundled third-party component,Inspected .venv / Unity PackageCache notice,Apache License 2.0,Apache-2.0,Khronos Group,https://github.com/KhronosGroup/OpenXR-SDK-Source,licenses/third_party/unity/com.unity.xr.openxr@77e3723dca0e/Third Party Notices.md,Embedded in package or wheel; final build inclusion varies,Retain package notice and Apache terms,Observed; see source package notice and version limits
Unity third-party Oculus OpenXR Mobile SDK,not stated,bundled third-party component,Inspected .venv / Unity PackageCache notice,Meta Platform Technologies SDK License Agreement (formerly Oculus SDK License Agreement),LicenseRef-Meta-Platform-Technologies-SDK-License,"Meta Platform Technologies, LLC and affiliates; Unity package notice retains older Facebook Technologies notice",https://developers.meta.com/vr/licenses/oculussdk/,licenses/third_party/unity/Meta-Platform-Technologies-SDK-License-Agreement.html; licenses/third_party/unity/com.unity.xr.openxr@77e3723dca0e/Third Party Notices.md,Embedded in package or wheel; final build inclusion varies,Unity package notice says applicable when Oculus Quest Support is enabled for Android; verify current terms/target before distribution,Current official Meta agreement page captured; Unity package applicability remains target-specific
Tracked point-cloud sample: sample.ply,not versioned,data asset / not software dependency,git ls-files; introduced in commit be1d4c5,Unknown / permission not established,NOASSERTION,Unknown; source and redistribution permission not documented,Not established,None,Tracked source-tree asset,Exclude from release or obtain written permission; not MIT-covered,Unresolved distribution blocker
Unity Editor and Runtime,6000.4.7f1,development/runtime platform,ProjectVersion.txt and README setup instructions,Unity Engine License / Unity Terms,LicenseRef-Unity-Engine-License,Unity Technologies,https://unity.com/legal,Not an open-source license; consult current Unity terms,Editor external; Runtime included in player build,Comply with applicable current Engine License; not covered by project MIT,Project version confirmed; user license eligibility not checked
Python package: fastapi,0.136.3,direct,requirements.txt + inspected .venv metadata,MIT,MIT,See copied package LICENSE/NOTICE; copyright holders vary by bundled file,https://github.com/fastapi/fastapi,licenses/third_party/python/fastapi-0.136.3/,Externally installed Python package; not bundled in tracked source,Retain package copyright/license/NOTICE; project MIT does not replace package terms,Installed version observed 2026-10-09; requirements are unpinned; exact local license files copied when present
Python package: matplotlib,3.11.2,direct,requirements.txt + inspected .venv metadata,PSF-2.0,PSF-2.0,See copied package LICENSE/NOTICE; copyright holders vary by bundled file,https://github.com/matplotlib/matplotlib,licenses/third_party/python/matplotlib-3.11.2/,Externally installed Python package; not bundled in tracked source,Retain package copyright/license/NOTICE; project MIT does not replace package terms,Installed version observed 2026-10-09; requirements are unpinned; exact local license files copied when present
Python package: numpy,2.4.6,direct,requirements.txt + inspected .venv metadata,BSD-3-Clause AND 0BSD AND MIT AND Zlib AND CC0-1.0,BSD-3-Clause AND 0BSD AND MIT AND Zlib AND CC0-1.0,See copied package LICENSE/NOTICE; copyright holders vary by bundled file,https://github.com/numpy/numpy,licenses/third_party/python/numpy-2.4.6/,Externally installed Python package; not bundled in tracked source,Retain package copyright/license/NOTICE; project MIT does not replace package terms,Installed version observed 2026-10-09; requirements are unpinned; exact local license files copied when present
Python package: open3d,0.19.0,direct,requirements.txt + inspected .venv metadata,MIT,MIT,See copied package LICENSE/NOTICE; copyright holders vary by bundled file,https://github.com/isl-org/Open3D,licenses/third_party/python/open3d-0.19.0/,Externally installed Python package; not bundled in tracked source,Retain package copyright/license/NOTICE; project MIT does not replace package terms,Installed version observed 2026-10-09; requirements are unpinned; exact local license files copied when present
Python package: pydantic,2.13.4,direct,requirements.txt + inspected .venv metadata,MIT,MIT,See copied package LICENSE/NOTICE; copyright holders vary by bundled file,https://github.com/pydantic/pydantic,licenses/third_party/python/pydantic-2.13.4/,Externally installed Python package; not bundled in tracked source,Retain package copyright/license/NOTICE; project MIT does not replace package terms,Installed version observed 2026-10-09; requirements are unpinned; exact local license files copied when present
Python package: scipy,1.17.1,direct,requirements.txt + inspected .venv metadata,BSD-3-Clause,BSD-3-Clause,See copied package LICENSE/NOTICE; copyright holders vary by bundled file,https://github.com/scipy/scipy,licenses/third_party/python/scipy-1.17.1/,Externally installed Python package; not bundled in tracked source,Retain package copyright/license/NOTICE; project MIT does not replace package terms,Installed version observed 2026-10-09; requirements are unpinned; exact local license files copied when present
Python package: uvicorn,0.48.0,direct,requirements.txt + inspected .venv metadata,BSD-3-Clause,BSD-3-Clause,See copied package LICENSE/NOTICE; copyright holders vary by bundled file,https://github.com/sponsors/encode,licenses/third_party/python/uvicorn-0.48.0/,Externally installed Python package; not bundled in tracked source,Retain package copyright/license/NOTICE; project MIT does not replace package terms,Installed version observed 2026-10-09; requirements are unpinned; exact local license files copied when present
Unity package: com.unity.inputsystem,1.19.0,direct Unity package,"packages-lock.json source=registry, depth=1",Unity Companion License,LicenseRef-Unity-Companion-License,Unity Technologies; see package LICENSE.md / Third Party Notices,https://docs.unity3d.com/Packages/com.unity.inputsystem@1.19.0/,licenses/third_party/unity/Unity-Companion-License-v1.4.html; licenses/third_party/unity/com.unity.inputsystem@21a28c3a6c83/,Unity package/runtime component; final inclusion depends on target,Manifest says 1.7.0 but lock resolves 1.19.0; reconcile before release,Resolved version confirmed in lock; package license snapshot copied where available
Unity package: com.unity.multiplayer.center,1.0.1,direct Unity package,"packages-lock.json source=builtin, depth=0",Unity Package Distribution License,LicenseRef-Unity-Package-Distribution-License,Unity Technologies; see package LICENSE.md / Third Party Notices,https://docs.unity3d.com/Packages/com.unity.multiplayer.center@1.0/manual/,licenses/third_party/unity/Unity-Package-Distribution-License-v2.1.html; licenses/third_party/unity/com.unity.multiplayer.center@f01f4ba8d00a/,Unity package/runtime component; final inclusion depends on target,UPDL; package notice says no third-party software,Resolved version confirmed in lock; package license snapshot copied where available
Unity package: com.unity.xr.interaction.toolkit,3.0.4,direct Unity package,"packages-lock.json source=registry, depth=0",Unity Companion License,LicenseRef-Unity-Companion-License,Unity Technologies; see package LICENSE.md / Third Party Notices,https://docs.unity3d.com/Packages/com.unity.xr.interaction.toolkit@3.0.4/,licenses/third_party/unity/Unity-Companion-License-v1.4.html; licenses/third_party/unity/com.unity.xr.interaction.toolkit@07ec8e1205bc/,Unity package/runtime component; final inclusion depends on target,Follow package license and retain package Third Party Notices,Resolved version confirmed in lock; package license snapshot copied where available
Unity package: com.unity.xr.openxr,1.10.0,direct Unity package,"packages-lock.json source=registry, depth=0",Unity Companion License and Unity Package Distribution License (per package notice),LicenseRef-Unity-Companion-License AND LicenseRef-Unity-Package-Distribution-License,Unity Technologies; see package LICENSE.md / Third Party Notices,https://docs.unity3d.com/Packages/com.unity.xr.openxr@1.10/manual/,licenses/third_party/unity/Unity-Companion-License-v1.4.html; licenses/third_party/unity/Unity-Package-Distribution-License-v2.1.html; licenses/third_party/unity/com.unity.xr.openxr@77e3723dca0e/,Unity package/runtime component; final inclusion depends on target,Retain third-party notices; Oculus SDK terms apply to specified Android feature,Resolved version confirmed in lock; package license snapshot copied where available
Unity Input System manifest declaration,1.7.0,direct Unity package declaration (unresolved against lock),PointCloudVR/Packages/manifest.json,Unity Companion License (package-version notice not locally available),LicenseRef-Unity-Companion-License,Unity Technologies; verify exact 1.7.0 package notice,https://docs.unity3d.com/Packages/com.unity.inputsystem@1.7/manual/index.html,No 1.7.0 cache snapshot; captured license/notice belongs to lock-resolved 1.19.0,Declared dependency; lock currently resolves 1.19.0,Resolve manifest/lock discrepancy and refresh exact package notices before release,Version mismatch; exact declared package artifact not inspected
Python 3.11 documented setup target,3.11.9 installer URL in setup_python_env.bat; not installed in inspected environment,documented runtime candidate,README.md and setup_python_env.bat,Python Software Foundation License 2.0,PSF-2.0,Python Software Foundation and historical contributors,https://docs.python.org/3.11/license.html,No exact 3.11.9 runtime license snapshot; inspected runtime text is 3.12.3 only,Not installed in inspected .venv; installer may be used by setup script,"If bundled, include exact selected installer/runtime license and notices",Documented candidate only; not current environment version
Python package: pip,24.0,environment-only tooling,Installed environment tool; not declared by requirements.txt,MIT,MIT,See copied package LICENSE/NOTICE; copyright holders vary by bundled file,https://github.com/pypa/pip,licenses/third_party/python/pip-24.0/,Externally installed Python package; not bundled in tracked source,Retain package copyright/license/NOTICE; project MIT does not replace package terms,Installed version observed 2026-10-09; requirements are unpinned; exact local license files copied when present
Python runtime (conda-forge),3.12.3 build h2628c8c_0_cpython,runtime prerequisite,venv sys.version and conda-meta record,Python Software Foundation License 2.0,PSF-2.0,Python Software Foundation and historical contributors,https://docs.python.org/3.12/license.html,licenses/third_party/runtime/Python-3.12.3-LICENSE_PYTHON.txt,External interpreter in inspected environment; not tracked/bundled,"If bundling Python, ship exact distribution license and notices",Version/channel observed; target deployment runtime not selected
Python package: annotated-doc,0.0.4,transitive,Requires-Dist closure in inspected .venv,MIT,MIT,See copied package LICENSE/NOTICE; copyright holders vary by bundled file,https://github.com/fastapi/annotated-doc,licenses/third_party/python/annotated_doc-0.0.4/,Externally installed Python package; not bundled in tracked source,Retain package copyright/license/NOTICE; project MIT does not replace package terms,Installed version observed 2026-10-09; requirements are unpinned; exact local license files copied when present
Python package: annotated-types,0.7.0,transitive,Requires-Dist closure in inspected .venv,MIT,MIT,See copied package LICENSE/NOTICE; copyright holders vary by bundled file,https://github.com/annotated-types/annotated-types,licenses/third_party/python/annotated_types-0.7.0/,Externally installed Python package; not bundled in tracked source,Retain package copyright/license/NOTICE; project MIT does not replace package terms,Installed version observed 2026-10-09; requirements are unpinned; exact local license files copied when present
Python package: anyio,4.13.0,transitive,Requires-Dist closure in inspected .venv,MIT,MIT,See copied package LICENSE/NOTICE; copyright holders vary by bundled file,https://github.com/agronholm/anyio,licenses/third_party/python/anyio-4.13.0/,Externally installed Python package; not bundled in tracked source,Retain package copyright/license/NOTICE; project MIT does not replace package terms,Installed version observed 2026-10-09; requirements are unpinned; exact local license files copied when present
Python package: asttokens,3.0.1,transitive,Requires-Dist closure in inspected .venv,Apache-2.0,Apache-2.0,See copied package LICENSE/NOTICE; copyright holders vary by bundled file,https://github.com/gristlabs/asttokens/issues,licenses/third_party/python/asttokens-3.0.1/,Externally installed Python package; not bundled in tracked source,Retain package copyright/license/NOTICE; project MIT does not replace package terms,Installed version observed 2026-10-09; requirements are unpinned; exact local license files copied when present
Python package: attrs,26.1.0,transitive,Requires-Dist closure in inspected .venv,MIT,MIT,See copied package LICENSE/NOTICE; copyright holders vary by bundled file,https://github.com/python-attrs/attrs,licenses/third_party/python/attrs-26.1.0/,Externally installed Python package; not bundled in tracked source,Retain package copyright/license/NOTICE; project MIT does not replace package terms,Installed version observed 2026-10-09; requirements are unpinned; exact local license files copied when present
Python package: blinker,1.9.0,transitive,Requires-Dist closure in inspected .venv,MIT,MIT,See copied package LICENSE/NOTICE; copyright holders vary by bundled file,https://github.com/pallets-eco/blinker/,licenses/third_party/python/blinker-1.9.0/,Externally installed Python package; not bundled in tracked source,Retain package copyright/license/NOTICE; project MIT does not replace package terms,Installed version observed 2026-10-09; requirements are unpinned; exact local license files copied when present
Python package: certifi,2026.5.20,transitive,Requires-Dist closure in inspected .venv,MPL-2.0,MPL-2.0,See copied package LICENSE/NOTICE; copyright holders vary by bundled file,https://github.com/certifi/python-certifi,licenses/third_party/python/certifi-2026.5.20/,Externally installed Python package; not bundled in tracked source,Retain package copyright/license/NOTICE; project MIT does not replace package terms,Installed version observed 2026-10-09; requirements are unpinned; exact local license files copied when present
Python package: charset-normalizer,3.4.7,transitive,Requires-Dist closure in inspected .venv,MIT,MIT,See copied package LICENSE/NOTICE; copyright holders vary by bundled file,https://github.com/jawah/charset_normalizer/blob/master/CHANGELOG.md,licenses/third_party/python/charset_normalizer-3.4.7/,Externally installed Python package; not bundled in tracked source,Retain package copyright/license/NOTICE; project MIT does not replace package terms,Installed version observed 2026-10-09; requirements are unpinned; exact local license files copied when present
Python package: click,8.4.1,transitive,Requires-Dist closure in inspected .venv,BSD-3-Clause,BSD-3-Clause,See copied package LICENSE/NOTICE; copyright holders vary by bundled file,https://github.com/pallets/click/,licenses/third_party/python/click-8.4.1/,Externally installed Python package; not bundled in tracked source,Retain package copyright/license/NOTICE; project MIT does not replace package terms,Installed version observed 2026-10-09; requirements are unpinned; exact local license files copied when present
Python package: colorama,0.4.6,transitive,Requires-Dist closure in inspected .venv,BSD-3-Clause,BSD-3-Clause,See copied package LICENSE/NOTICE; copyright holders vary by bundled file,https://github.com/tartley/colorama,licenses/third_party/python/colorama-0.4.6/,Externally installed Python package; not bundled in tracked source,Retain package copyright/license/NOTICE; project MIT does not replace package terms,Installed version observed 2026-10-09; requirements are unpinned; exact local license files copied when present
Python package: comm,0.2.3,transitive,Requires-Dist closure in inspected .venv,BSD-3-Clause,BSD-3-Clause,See copied package LICENSE/NOTICE; copyright holders vary by bundled file,https://github.com/ipython/comm,licenses/third_party/python/comm-0.2.3/,Externally installed Python package; not bundled in tracked source,Retain package copyright/license/NOTICE; project MIT does not replace package terms,Installed version observed 2026-10-09; requirements are unpinned; exact local license files copied when present
Python package: ConfigArgParse,1.7.5,transitive,Requires-Dist closure in inspected .venv,MIT,MIT,See copied package LICENSE/NOTICE; copyright holders vary by bundled file,https://github.com/bw2/ConfigArgParse,licenses/third_party/python/configargparse-1.7.5/,Externally installed Python package; not bundled in tracked source,Retain package copyright/license/NOTICE; project MIT does not replace package terms,Installed version observed 2026-10-09; requirements are unpinned; exact local license files copied when present
Python package: contourpy,1.4.0,transitive,Requires-Dist closure in inspected .venv,BSD-3-Clause,BSD-3-Clause,See copied package LICENSE/NOTICE; copyright holders vary by bundled file,https://github.com/contourpy/contourpy,licenses/third_party/python/contourpy-1.4.0/,Externally installed Python package; not bundled in tracked source,Retain package copyright/license/NOTICE; project MIT does not replace package terms,Installed version observed 2026-10-09; requirements are unpinned; exact local license files copied when present
Python package: cycler,0.12.1,transitive,Requires-Dist closure in inspected .venv,BSD-3-Clause,BSD-3-Clause,See copied package LICENSE/NOTICE; copyright holders vary by bundled file,https://github.com/matplotlib/cycler,licenses/third_party/python/cycler-0.12.1/,Externally installed Python package; not bundled in tracked source,Retain package copyright/license/NOTICE; project MIT does not replace package terms,Installed version observed 2026-10-09; requirements are unpinned; exact local license files copied when present
Python package: dash,4.1.0,transitive,Requires-Dist closure in inspected .venv,MIT,MIT,See copied package LICENSE/NOTICE; copyright holders vary by bundled file,https://github.com/plotly/dash,licenses/third_party/python/dash-4.1.0/,Externally installed Python package; not bundled in tracked source,Retain package copyright/license/NOTICE; project MIT does not replace package terms,Installed version observed 2026-10-09; requirements are unpinned; exact local license files copied when present
Python package: decorator,5.3.1,transitive,Requires-Dist closure in inspected .venv,BSD-2-Clause,BSD-2-Clause,See copied package LICENSE/NOTICE; copyright holders vary by bundled file,https://pypi.org/project/decorator/5.3.1/,licenses/third_party/python/decorator-5.3.1/,Externally installed Python package; not bundled in tracked source,Retain package copyright/license/NOTICE; project MIT does not replace package terms,Installed version observed 2026-10-09; requirements are unpinned; exact local license files copied when present
Python package: executing,2.2.1,transitive,Requires-Dist closure in inspected .venv,MIT,MIT,See copied package LICENSE/NOTICE; copyright holders vary by bundled file,https://github.com/alexmojaki/executing,licenses/third_party/python/executing-2.2.1/,Externally installed Python package; not bundled in tracked source,Retain package copyright/license/NOTICE; project MIT does not replace package terms,Installed version observed 2026-10-09; requirements are unpinned; exact local license files copied when present
Python package: fastjsonschema,2.21.2,transitive,Requires-Dist closure in inspected .venv,BSD-3-Clause,BSD-3-Clause,See copied package LICENSE/NOTICE; copyright holders vary by bundled file,https://github.com/horejsek/python-fastjsonschema,licenses/third_party/python/fastjsonschema-2.21.2/,Externally installed Python package; not bundled in tracked source,Retain package copyright/license/NOTICE; project MIT does not replace package terms,Installed version observed 2026-10-09; requirements are unpinned; exact local license files copied when present
Python package: Flask,3.1.3,transitive,Requires-Dist closure in inspected .venv,BSD-3-Clause,BSD-3-Clause,See copied package LICENSE/NOTICE; copyright holders vary by bundled file,https://github.com/pallets/flask/,licenses/third_party/python/flask-3.1.3/,Externally installed Python package; not bundled in tracked source,Retain package copyright/license/NOTICE; project MIT does not replace package terms,Installed version observed 2026-10-09; requirements are unpinned; exact local license files copied when present
Python package: fonttools,4.66.1,transitive,Requires-Dist closure in inspected .venv,MIT,MIT,See copied package LICENSE/NOTICE; copyright holders vary by bundled file,http://github.com/fonttools/fonttools,licenses/third_party/python/fonttools-4.66.1/,Externally installed Python package; not bundled in tracked source,Retain package copyright/license/NOTICE; project MIT does not replace package terms,Installed version observed 2026-10-09; requirements are unpinned; exact local license files copied when present
Python package: h11,0.16.0,transitive,Requires-Dist closure in inspected .venv,MIT,MIT,See copied package LICENSE/NOTICE; copyright holders vary by bundled file,https://github.com/python-hyper/h11,licenses/third_party/python/h11-0.16.0/,Externally installed Python package; not bundled in tracked source,Retain package copyright/license/NOTICE; project MIT does not replace package terms,Installed version observed 2026-10-09; requirements are unpinned; exact local license files copied when present
Python package: idna,3.17,transitive,Requires-Dist closure in inspected .venv,BSD-3-Clause,BSD-3-Clause,See copied package LICENSE/NOTICE; copyright holders vary by bundled file,https://github.com/kjd/idna/blob/master/HISTORY.md,licenses/third_party/python/idna-3.17/,Externally installed Python package; not bundled in tracked source,Retain package copyright/license/NOTICE; project MIT does not replace package terms,Installed version observed 2026-10-09; requirements are unpinned; exact local license files copied when present
Python package: importlib_metadata,9.0.0,transitive,Requires-Dist closure in inspected .venv,Apache-2.0,Apache-2.0,See copied package LICENSE/NOTICE; copyright holders vary by bundled file,https://github.com/python/importlib_metadata,licenses/third_party/python/importlib_metadata-9.0.0/,Externally installed Python package; not bundled in tracked source,Retain package copyright/license/NOTICE; project MIT does not replace package terms,Installed version observed 2026-10-09; requirements are unpinned; exact local license files copied when present
Python package: ipython,9.13.0,transitive,Requires-Dist closure in inspected .venv,BSD-3-Clause,BSD-3-Clause,See copied package LICENSE/NOTICE; copyright holders vary by bundled file,https://github.com/ipython/ipython,licenses/third_party/python/ipython-9.13.0/,Externally installed Python package; not bundled in tracked source,Retain package copyright/license/NOTICE; project MIT does not replace package terms,Installed version observed 2026-10-09; requirements are unpinned; exact local license files copied when present
Python package: ipython_pygments_lexers,1.1.1,transitive,Requires-Dist closure in inspected .venv,BSD-3-Clause,BSD-3-Clause,See copied package LICENSE/NOTICE; copyright holders vary by bundled file,https://github.com/ipython/ipython-pygments-lexers,licenses/third_party/python/ipython_pygments_lexers-1.1.1/,Externally installed Python package; not bundled in tracked source,Retain package copyright/license/NOTICE; project MIT does not replace package terms,Installed version observed 2026-10-09; requirements are unpinned; exact local license files copied when present
Python package: ipywidgets,8.1.8,transitive,Requires-Dist closure in inspected .venv,BSD-3-Clause,BSD-3-Clause,See copied package LICENSE/NOTICE; copyright holders vary by bundled file,http://jupyter.org,licenses/third_party/python/ipywidgets-8.1.8/,Externally installed Python package; not bundled in tracked source,Retain package copyright/license/NOTICE; project MIT does not replace package terms,Installed version observed 2026-10-09; requirements are unpinned; exact local license files copied when present
Python package: itsdangerous,2.2.0,transitive,Requires-Dist closure in inspected .venv,BSD-3-Clause,BSD-3-Clause,See copied package LICENSE/NOTICE; copyright holders vary by bundled file,https://github.com/pallets/itsdangerous/,licenses/third_party/python/itsdangerous-2.2.0/,Externally installed Python package; not bundled in tracked source,Retain package copyright/license/NOTICE; project MIT does not replace package terms,Installed version observed 2026-10-09; requirements are unpinned; exact local license files copied when present
Python package: jedi,0.20.0,transitive,Requires-Dist closure in inspected .venv,MIT,MIT,See copied package LICENSE/NOTICE; copyright holders vary by bundled file,https://github.com/davidhalter/jedi,licenses/third_party/python/jedi-0.20.0/,Externally installed Python package; not bundled in tracked source,Retain package copyright/license/NOTICE; project MIT does not replace package terms,Installed version observed 2026-10-09; requirements are unpinned; exact local license files copied when present
Python package: Jinja2,3.1.6,transitive,Requires-Dist closure in inspected .venv,BSD-3-Clause,BSD-3-Clause,See copied package LICENSE/NOTICE; copyright holders vary by bundled file,https://github.com/pallets/jinja/,licenses/third_party/python/jinja2-3.1.6/,Externally installed Python package; not bundled in tracked source,Retain package copyright/license/NOTICE; project MIT does not replace package terms,Installed version observed 2026-10-09; requirements are unpinned; exact local license files copied when present
Python package: jsonschema,4.26.0,transitive,Requires-Dist closure in inspected .venv,MIT,MIT,See copied package LICENSE/NOTICE; copyright holders vary by bundled file,https://github.com/python-jsonschema/jsonschema,licenses/third_party/python/jsonschema-4.26.0/,Externally installed Python package; not bundled in tracked source,Retain package copyright/license/NOTICE; project MIT does not replace package terms,Installed version observed 2026-10-09; requirements are unpinned; exact local license files copied when present
Python package: jsonschema-specifications,2025.9.1,transitive,Requires-Dist closure in inspected .venv,MIT,MIT,See copied package LICENSE/NOTICE; copyright holders vary by bundled file,https://github.com/python-jsonschema/jsonschema-specifications,licenses/third_party/python/jsonschema_specifications-2025.9.1/,Externally installed Python package; not bundled in tracked source,Retain package copyright/license/NOTICE; project MIT does not replace package terms,Installed version observed 2026-10-09; requirements are unpinned; exact local license files copied when present
Python package: jupyter_core,5.9.1,transitive,Requires-Dist closure in inspected .venv,BSD-3-Clause,BSD-3-Clause,See copied package LICENSE/NOTICE; copyright holders vary by bundled file,https://github.com/jupyter/jupyter_core,licenses/third_party/python/jupyter_core-5.9.1/,Externally installed Python package; not bundled in tracked source,Retain package copyright/license/NOTICE; project MIT does not replace package terms,Installed version observed 2026-10-09; requirements are unpinned; exact local license files copied when present
Python package: jupyterlab_widgets,3.0.16,transitive,Requires-Dist closure in inspected .venv,BSD-3-Clause,BSD-3-Clause,See copied package LICENSE/NOTICE; copyright holders vary by bundled file,https://github.com/jupyter-widgets/ipywidgets,licenses/third_party/python/jupyterlab_widgets-3.0.16/,Externally installed Python package; not bundled in tracked source,Retain package copyright/license/NOTICE; project MIT does not replace package terms,Installed version observed 2026-10-09; requirements are unpinned; exact local license files copied when present
Python package: kiwisolver,1.5.1,transitive,Requires-Dist closure in inspected .venv,BSD-3-Clause,BSD-3-Clause,See copied package LICENSE/NOTICE; copyright holders vary by bundled file,https://github.com/nucleic/kiwi,licenses/third_party/python/kiwisolver-1.5.1/,Externally installed Python package; not bundled in tracked source,Retain package copyright/license/NOTICE; project MIT does not replace package terms,Installed version observed 2026-10-09; requirements are unpinned; exact local license files copied when present
Python package: MarkupSafe,3.0.3,transitive,Requires-Dist closure in inspected .venv,BSD-3-Clause,BSD-3-Clause,See copied package LICENSE/NOTICE; copyright holders vary by bundled file,https://github.com/pallets/markupsafe/,licenses/third_party/python/markupsafe-3.0.3/,Externally installed Python package; not bundled in tracked source,Retain package copyright/license/NOTICE; project MIT does not replace package terms,Installed version observed 2026-10-09; requirements are unpinned; exact local license files copied when present
Python package: matplotlib-inline,0.2.2,transitive,Requires-Dist closure in inspected .venv,BSD-3-Clause,BSD-3-Clause,See copied package LICENSE/NOTICE; copyright holders vary by bundled file,https://github.com/ipython/matplotlib-inline,licenses/third_party/python/matplotlib_inline-0.2.2/,Externally installed Python package; not bundled in tracked source,Retain package copyright/license/NOTICE; project MIT does not replace package terms,Installed version observed 2026-10-09; requirements are unpinned; exact local license files copied when present
Python package: narwhals,2.21.2,transitive,Requires-Dist closure in inspected .venv,MIT,MIT,See copied package LICENSE/NOTICE; copyright holders vary by bundled file,https://github.com/narwhals-dev/narwhals,licenses/third_party/python/narwhals-2.21.2/,Externally installed Python package; not bundled in tracked source,Retain package copyright/license/NOTICE; project MIT does not replace package terms,Installed version observed 2026-10-09; requirements are unpinned; exact local license files copied when present
Python package: nbformat,5.10.4,transitive,Requires-Dist closure in inspected .venv,BSD-3-Clause,BSD-3-Clause,See copied package LICENSE/NOTICE; copyright holders vary by bundled file,https://github.com/jupyter/nbformat/blob/main/CHANGELOG.md,licenses/third_party/python/nbformat-5.10.4/,Externally installed Python package; not bundled in tracked source,Retain package copyright/license/NOTICE; project MIT does not replace package terms,Installed version observed 2026-10-09; requirements are unpinned; exact local license files copied when present
Python package: nest-asyncio,1.6.0,transitive,Requires-Dist closure in inspected .venv,BSD-3-Clause,BSD-3-Clause,See copied package LICENSE/NOTICE; copyright holders vary by bundled file,https://github.com/erdewit/nest_asyncio,licenses/third_party/python/nest_asyncio-1.6.0/,Externally installed Python package; not bundled in tracked source,Retain package copyright/license/NOTICE; project MIT does not replace package terms,Installed version observed 2026-10-09; requirements are unpinned; exact local license files copied when present
Python package: packaging,26.2,transitive,Requires-Dist closure in inspected .venv,Apache-2.0 OR BSD-2-Clause,Apache-2.0 OR BSD-2-Clause,See copied package LICENSE/NOTICE; copyright holders vary by bundled file,https://github.com/pypa/packaging,licenses/third_party/python/packaging-26.2/,Externally installed Python package; not bundled in tracked source,Retain package copyright/license/NOTICE; project MIT does not replace package terms,Installed version observed 2026-10-09; requirements are unpinned; exact local license files copied when present
Python package: parso,0.8.7,transitive,Requires-Dist closure in inspected .venv,MIT,MIT,See copied package LICENSE/NOTICE; copyright holders vary by bundled file,https://github.com/davidhalter/parso,licenses/third_party/python/parso-0.8.7/,Externally installed Python package; not bundled in tracked source,Retain package copyright/license/NOTICE; project MIT does not replace package terms,Installed version observed 2026-10-09; requirements are unpinned; exact local license files copied when present
Python package: pillow,12.3.0,transitive,Requires-Dist closure in inspected .venv,MIT-CMU,MIT-CMU,See copied package LICENSE/NOTICE; copyright holders vary by bundled file,https://github.com/python-pillow/Pillow/releases,licenses/third_party/python/pillow-12.3.0/,Externally installed Python package; not bundled in tracked source,Retain package copyright/license/NOTICE; project MIT does not replace package terms,Installed version observed 2026-10-09; requirements are unpinned; exact local license files copied when present
Python package: platformdirs,4.10.0,transitive,Requires-Dist closure in inspected .venv,MIT,MIT,See copied package LICENSE/NOTICE; copyright holders vary by bundled file,https://github.com/tox-dev/platformdirs,licenses/third_party/python/platformdirs-4.10.0/,Externally installed Python package; not bundled in tracked source,Retain package copyright/license/NOTICE; project MIT does not replace package terms,Installed version observed 2026-10-09; requirements are unpinned; exact local license files copied when present
Python package: plotly,6.7.0,transitive,Requires-Dist closure in inspected .venv,MIT,MIT,See copied package LICENSE/NOTICE; copyright holders vary by bundled file,https://github.com/plotly/plotly.py,licenses/third_party/python/plotly-6.7.0/,Externally installed Python package; not bundled in tracked source,Retain package copyright/license/NOTICE; project MIT does not replace package terms,Installed version observed 2026-10-09; requirements are unpinned; exact local license files copied when present
Python package: prompt_toolkit,3.0.52,transitive,Requires-Dist closure in inspected .venv,BSD-3-Clause,BSD-3-Clause,See copied package LICENSE/NOTICE; copyright holders vary by bundled file,https://github.com/prompt-toolkit/python-prompt-toolkit,licenses/third_party/python/prompt_toolkit-3.0.52/,Externally installed Python package; not bundled in tracked source,Retain package copyright/license/NOTICE; project MIT does not replace package terms,Installed version observed 2026-10-09; requirements are unpinned; exact local license files copied when present
Python package: psutil,7.2.2,transitive,Requires-Dist closure in inspected .venv,BSD-3-Clause,BSD-3-Clause,See copied package LICENSE/NOTICE; copyright holders vary by bundled file,https://github.com/giampaolo/psutil,licenses/third_party/python/psutil-7.2.2/,Externally installed Python package; not bundled in tracked source,Retain package copyright/license/NOTICE; project MIT does not replace package terms,Installed version observed 2026-10-09; requirements are unpinned; exact local license files copied when present
Python package: pure_eval,0.2.3,transitive,Requires-Dist closure in inspected .venv,MIT,MIT,See copied package LICENSE/NOTICE; copyright holders vary by bundled file,http://github.com/alexmojaki/pure_eval,licenses/third_party/python/pure_eval-0.2.3/,Externally installed Python package; not bundled in tracked source,Retain package copyright/license/NOTICE; project MIT does not replace package terms,Installed version observed 2026-10-09; requirements are unpinned; exact local license files copied when present
Python package: pydantic_core,2.46.4,transitive,Requires-Dist closure in inspected .venv,MIT,MIT,See copied package LICENSE/NOTICE; copyright holders vary by bundled file,https://github.com/sponsors/samuelcolvin,licenses/third_party/python/pydantic_core-2.46.4/,Externally installed Python package; not bundled in tracked source,Retain package copyright/license/NOTICE; project MIT does not replace package terms,Installed version observed 2026-10-09; requirements are unpinned; exact local license files copied when present
Python package: Pygments,2.20.0,transitive,Requires-Dist closure in inspected .venv,BSD-2-Clause,BSD-2-Clause,See copied package LICENSE/NOTICE; copyright holders vary by bundled file,https://github.com/pygments/pygments,licenses/third_party/python/pygments-2.20.0/,Externally installed Python package; not bundled in tracked source,Retain package copyright/license/NOTICE; project MIT does not replace package terms,Installed version observed 2026-10-09; requirements are unpinned; exact local license files copied when present
Python package: pyparsing,3.3.3,transitive,Requires-Dist closure in inspected .venv,MIT,MIT,See copied package LICENSE/NOTICE; copyright holders vary by bundled file,https://github.com/pyparsing/pyparsing/,licenses/third_party/python/pyparsing-3.3.3/,Externally installed Python package; not bundled in tracked source,Retain package copyright/license/NOTICE; project MIT does not replace package terms,Installed version observed 2026-10-09; requirements are unpinned; exact local license files copied when present
Python package: python-dateutil,2.9.0.post0,transitive,Requires-Dist closure in inspected .venv,BSD-3-Clause OR Apache-2.0,BSD-3-Clause OR Apache-2.0,See copied package LICENSE/NOTICE; copyright holders vary by bundled file,https://github.com/dateutil/dateutil,licenses/third_party/python/python_dateutil-2.9.0.post0/,Externally installed Python package; not bundled in tracked source,Retain package copyright/license/NOTICE; project MIT does not replace package terms,Installed version observed 2026-10-09; requirements are unpinned; exact local license files copied when present
Python package: referencing,0.37.0,transitive,Requires-Dist closure in inspected .venv,MIT,MIT,See copied package LICENSE/NOTICE; copyright holders vary by bundled file,https://github.com/python-jsonschema/referencing,licenses/third_party/python/referencing-0.37.0/,Externally installed Python package; not bundled in tracked source,Retain package copyright/license/NOTICE; project MIT does not replace package terms,Installed version observed 2026-10-09; requirements are unpinned; exact local license files copied when present
Python package: requests,2.34.2,transitive,Requires-Dist closure in inspected .venv,Apache-2.0,Apache-2.0,See copied package LICENSE/NOTICE; copyright holders vary by bundled file,https://github.com/psf/requests,licenses/third_party/python/requests-2.34.2/,Externally installed Python package; not bundled in tracked source,Retain package copyright/license/NOTICE; project MIT does not replace package terms,Installed version observed 2026-10-09; requirements are unpinned; exact local license files copied when present
Python package: retrying,1.4.2,transitive,Requires-Dist closure in inspected .venv,Apache-2.0,Apache-2.0,See copied package LICENSE/NOTICE; copyright holders vary by bundled file,https://github.com/groodt/retrying,licenses/third_party/python/retrying-1.4.2/,Externally installed Python package; not bundled in tracked source,Retain package copyright/license/NOTICE; project MIT does not replace package terms,Installed version observed 2026-10-09; requirements are unpinned; exact local license files copied when present
Python package: rpds-py,2026.5.1,transitive,Requires-Dist closure in inspected .venv,MIT,MIT,See copied package LICENSE/NOTICE; copyright holders vary by bundled file,https://github.com/sponsors/Julian,licenses/third_party/python/rpds_py-2026.5.1/,Externally installed Python package; not bundled in tracked source,Retain package copyright/license/NOTICE; project MIT does not replace package terms,Installed version observed 2026-10-09; requirements are unpinned; exact local license files copied when present
Python package: setuptools,82.0.1,transitive,Requires-Dist closure in inspected .venv,MIT,MIT,See copied package LICENSE/NOTICE; copyright holders vary by bundled file,https://github.com/pypa/setuptools,licenses/third_party/python/setuptools-82.0.1/,Externally installed Python package; not bundled in tracked source,Retain package copyright/license/NOTICE; project MIT does not replace package terms,Installed version observed 2026-10-09; requirements are unpinned; exact local license files copied when present
Python package: six,1.17.0,transitive,Requires-Dist closure in inspected .venv,MIT,MIT,See copied package LICENSE/NOTICE; copyright holders vary by bundled file,https://github.com/benjaminp/six,licenses/third_party/python/six-1.17.0/,Externally installed Python package; not bundled in tracked source,Retain package copyright/license/NOTICE; project MIT does not replace package terms,Installed version observed 2026-10-09; requirements are unpinned; exact local license files copied when present
Python package: stack-data,0.6.3,transitive,Requires-Dist closure in inspected .venv,MIT,MIT,See copied package LICENSE/NOTICE; copyright holders vary by bundled file,http://github.com/alexmojaki/stack_data,licenses/third_party/python/stack_data-0.6.3/,Externally installed Python package; not bundled in tracked source,Retain package copyright/license/NOTICE; project MIT does not replace package terms,Installed version observed 2026-10-09; requirements are unpinned; exact local license files copied when present
Python package: starlette,1.2.0,transitive,Requires-Dist closure in inspected .venv,BSD-3-Clause,BSD-3-Clause,See copied package LICENSE/NOTICE; copyright holders vary by bundled file,https://github.com/Kludex/starlette,licenses/third_party/python/starlette-1.2.0/,Externally installed Python package; not bundled in tracked source,Retain package copyright/license/NOTICE; project MIT does not replace package terms,Installed version observed 2026-10-09; requirements are unpinned; exact local license files copied when present
Python package: traitlets,5.15.0,transitive,Requires-Dist closure in inspected .venv,BSD-3-Clause,BSD-3-Clause,See copied package LICENSE/NOTICE; copyright holders vary by bundled file,https://github.com/ipython/traitlets,licenses/third_party/python/traitlets-5.15.0/,Externally installed Python package; not bundled in tracked source,Retain package copyright/license/NOTICE; project MIT does not replace package terms,Installed version observed 2026-10-09; requirements are unpinned; exact local license files copied when present
Python package: typing-inspection,0.4.2,transitive,Requires-Dist closure in inspected .venv,MIT,MIT,See copied package LICENSE/NOTICE; copyright holders vary by bundled file,https://github.com/pydantic/typing-inspection,licenses/third_party/python/typing_inspection-0.4.2/,Externally installed Python package; not bundled in tracked source,Retain package copyright/license/NOTICE; project MIT does not replace package terms,Installed version observed 2026-10-09; requirements are unpinned; exact local license files copied when present
Python package: typing_extensions,4.15.0,transitive,Requires-Dist closure in inspected .venv,PSF-2.0,PSF-2.0,See copied package LICENSE/NOTICE; copyright holders vary by bundled file,https://github.com/python/typing_extensions/issues,licenses/third_party/python/typing_extensions-4.15.0/,Externally installed Python package; not bundled in tracked source,Retain package copyright/license/NOTICE; project MIT does not replace package terms,Installed version observed 2026-10-09; requirements are unpinned; exact local license files copied when present
Python package: urllib3,2.7.0,transitive,Requires-Dist closure in inspected .venv,MIT,MIT,See copied package LICENSE/NOTICE; copyright holders vary by bundled file,https://github.com/urllib3/urllib3/blob/main/CHANGES.rst,licenses/third_party/python/urllib3-2.7.0/,Externally installed Python package; not bundled in tracked source,Retain package copyright/license/NOTICE; project MIT does not replace package terms,Installed version observed 2026-10-09; requirements are unpinned; exact local license files copied when present
Python package: wcwidth,0.7.0,transitive,Requires-Dist closure in inspected .venv,MIT,MIT,See copied package LICENSE/NOTICE; copyright holders vary by bundled file,https://github.com/jquast/wcwidth,licenses/third_party/python/wcwidth-0.7.0/,Externally installed Python package; not bundled in tracked source,Retain package copyright/license/NOTICE; project MIT does not replace package terms,Installed version observed 2026-10-09; requirements are unpinned; exact local license files copied when present
Python package: Werkzeug,3.1.8,transitive,Requires-Dist closure in inspected .venv,BSD-3-Clause,BSD-3-Clause,See copied package LICENSE/NOTICE; copyright holders vary by bundled file,https://github.com/pallets/werkzeug/,licenses/third_party/python/werkzeug-3.1.8/,Externally installed Python package; not bundled in tracked source,Retain package copyright/license/NOTICE; project MIT does not replace package terms,Installed version observed 2026-10-09; requirements are unpinned; exact local license files copied when present
Python package: widgetsnbextension,4.0.15,transitive,Requires-Dist closure in inspected .venv,BSD-3-Clause,BSD-3-Clause,See copied package LICENSE/NOTICE; copyright holders vary by bundled file,http://jupyter.org,licenses/third_party/python/widgetsnbextension-4.0.15/,Externally installed Python package; not bundled in tracked source,Retain package copyright/license/NOTICE; project MIT does not replace package terms,Installed version observed 2026-10-09; requirements are unpinned; exact local license files copied when present
Python package: zipp,4.1.0,transitive,Requires-Dist closure in inspected .venv,MIT,MIT,See copied package LICENSE/NOTICE; copyright holders vary by bundled file,https://github.com/jaraco/zipp,licenses/third_party/python/zipp-4.1.0/,Externally installed Python package; not bundled in tracked source,Retain package copyright/license/NOTICE; project MIT does not replace package terms,Installed version observed 2026-10-09; requirements are unpinned; exact local license files copied when present
Unity package: com.unity.mathematics,1.3.3,transitive Unity package,"packages-lock.json source=registry, depth=1",Unity Companion License,LicenseRef-Unity-Companion-License,Unity Technologies; see package LICENSE.md / Third Party Notices,https://docs.unity3d.com/Packages/com.unity.mathematics@1.3.3/,licenses/third_party/unity/Unity-Companion-License-v1.4.html; licenses/third_party/unity/com.unity.mathematics@19a9377c4ffa/,Unity package/runtime component; final inclusion depends on target,Package includes Ashima Arts / Stefan Gustavson noise code with separate MIT-style notice,Resolved version confirmed in lock; package license snapshot copied where available
Unity package: com.unity.ugui,2.0.0,transitive Unity package,"packages-lock.json source=builtin, depth=1",Unity Companion License,LicenseRef-Unity-Companion-License,Unity Technologies; see package LICENSE.md / Third Party Notices,https://docs.unity3d.com/Packages/com.unity.ugui@2.0.0/,licenses/third_party/unity/Unity-Companion-License-v1.4.html; licenses/third_party/unity/com.unity.ugui@4dc88464a83d/,Unity package/runtime component; final inclusion depends on target,Follow package license and retain package Third Party Notices,Resolved version confirmed in lock; package license snapshot copied where available
Unity package: com.unity.xr.core-utils,2.6.0,transitive Unity package,"packages-lock.json source=registry, depth=1",Unity Companion License,LicenseRef-Unity-Companion-License,Unity Technologies; see package LICENSE.md / Third Party Notices,https://docs.unity3d.com/Packages/com.unity.xr.core-utils@2.6.0/,licenses/third_party/unity/Unity-Companion-License-v1.4.html; licenses/third_party/unity/com.unity.xr.core-utils@a8b900321199/,Unity package/runtime component; final inclusion depends on target,Follow package license and retain package Third Party Notices,Resolved version confirmed in lock; package license snapshot copied where available
Unity package: com.unity.xr.legacyinputhelpers,3.0.1,transitive Unity package,"packages-lock.json source=registry, depth=1",Unity Companion License,LicenseRef-Unity-Companion-License,Unity Technologies; see package LICENSE.md / Third Party Notices,https://docs.unity3d.com/Packages/com.unity.xr.legacyinputhelpers@3.0.1/,licenses/third_party/unity/Unity-Companion-License-v1.4.html; licenses/third_party/unity/com.unity.xr.legacyinputhelpers@3f62d634f63b/,Unity package/runtime component; final inclusion depends on target,Follow package license and retain package Third Party Notices,Resolved version confirmed in lock; package license snapshot copied where available
Unity package: com.unity.xr.management,4.5.2,transitive Unity package,"packages-lock.json source=registry, depth=1",Unity Companion License,LicenseRef-Unity-Companion-License,Unity Technologies; see package LICENSE.md / Third Party Notices,https://docs.unity3d.com/Packages/com.unity.xr.management@4.5.2/,licenses/third_party/unity/Unity-Companion-License-v1.4.html; licenses/third_party/unity/com.unity.xr.management@f589c7ba49ff/,Unity package/runtime component; final inclusion depends on target,Follow package license and retain package Third Party Notices,Resolved version confirmed in lock; package license snapshot copied where available
